income_am,profit_last_am,profit_am,damage_am,damage_inc,crd_lim_rec,credit_use_ic,lactose_ic,insurance_ic,spa_ic,empl_ic,cab_requests,married_cd,bar_no,sport_ic,neighbor_income,age,marketing_permit,urban_ic,dining_ic,presidential,client_segment,sect_empl,prev_stay,prev_all_in_stay,fam_adult_size,children_no,tenure_mts,company_ic,claims_no,claims_am,nights_booked,gender,shop_am,shop_use,retired,gold_status
5660.0,4320.0,8640.0,0.0,0.0,8000.0,0.0,1.0,0.0,0.0,0.0,11.0,True,6.0,1.0,34033.0,42.0,1.0,1.0,0.0,0.0,2.0,1.0,1.0,1.0,3.0,2.0,575.0,0.0,0.0,0.0,52.0,1,4577.729167209796,1.0,0.0,1.0
3990.0,9.0,3450.0,0.0,0.0,12500.0,0.0,0.0,1.0,0.0,0.0,7.0,True,5.0,0.0,36372.0,42.0,0.0,1.0,0.0,0.0,1.0,1.0,1.0,0.0,2.0,0.0,174.0,0.0,0.0,0.0,4.0,0,0.0,0.0,0.0,0.0
1158.0,82.0,4194.0,408.0,4.0,12000.0,0.0,0.0,1.0,1.0,0.0,10.0,True,11.0,1.0,37619.0,38.0,1.0,1.0,0.0,0.0,1.0,0.0,1.0,1.0,3.0,1.0,229.0,0.0,0.0,0.0,222.0,0,0.0,0.0,0.0,0.0
2451.0,791.0,2119.0,0.0,0.0,0.0,0.0,0.0,1.0,1.0,0.0,4.0,True,5.0,0.0,29266.0,66.0,1.0,1.0,0.0,0.0,1.0,0.0,0.0,0.0,1.0,0.0,375.0,0.0,0.0,0.0,3.0,0,0.0,0.0,0.0,0.0
946.0,222.0,2036.0,0.0,0.0,0.0,0.0,1.0,0.0,0.0,0.0,5.0,True,0.0,0.0,36221.0,63.0,0.0,1.0,0.0,0.0,2.0,0.0,1.0,1.0,1.0,0.0,417.0,0.0,0.0,0.0,34.0,1,0.0,0.0,0.0,0.0
227.0,0.0,1620.0,0.0,0.0,0.0,0.0,0.0,1.0,1.0,0.0,4.0,True,6.0,0.0,22576.0,18.0,0.0,0.0,0.0,0.0,0.0,0.0,0.0,0.0,1.0,0.0,1.0,0.0,0.0,0.0,4.0,0,0.0,0.0,0.0,0.0
1359.0,467.0,2395.0,0.0,0.0,12500.0,0.0,0.0,1.0,0.0,0.0,5.0,False,10.0,0.0,18045.0,34.0,1.0,0.0,0.0,0.0,1.0,0.0,1.0,1.0,2.0,0.0,184.0,0.0,0.0,0.0,13.0,0,0.0,0.0,0.0,0.0
2591.0,869.0,2209.0,0.0,0.0,0.0,0.0,0.0,0.0,0.0,0.0,6.0,True,7.0,0.0,31751.0,61.0,1.0,1.0,0.0,0.0,1.0,0.0,1.0,0.0,1.0,0.0,382.0,0.0,0.0,0.0,2.0,0,1415.021156740573,1.0,1.0,0.0
6426.0,2018.0,9015.0,2333.0,2.0,10000.0,0.0,0.0,1.0,1.0,0.0,10.0,False,3.0,0.0,39853.0,33.0,1.0,1.0,0.0,0.0,2.0,0.0,1.0,1.0,2.0,0.0,136.0,0.0,0.0,0.0,4.0,0,0.0,0.0,0.0,0.0
8622.0,3518.0,3014.0,0.0,0.0,0.0,0.0,0.0,0.0,0.0,0.0,6.0,False,3.0,0.0,27090.0,79.0,0.0,1.0,0.0,0.0,2.0,0.0,1.0,0.0,1.0,0.0,324.0,0.0,0.0,0.0,33.0,1,0.0,0.0,1.0,0.0
280.0,22.0,1956.0,0.0,0.0,1500.0,0.0,0.0,0.0,0.0,0.0,10.0,True,7.0,0.0,33268.0,49.0,0.0,0.0,0.0,0.0,1.0,0.0,1.0,0.0,2.0,0.0,26.0,0.0,0.0,0.0,13.0,1,0.0,0.0,0.0,0.0
374.0,30.0,1729.0,0.0,0.0,5500.0,0.0,0.0,1.0,1.0,0.0,2.0,True,4.0,0.0,32155.0,23.0,1.0,1.0,0.0,0.0,1.0,0.0,1.0,0.0,2.0,1.0,107.0,0.0,0.0,0.0,19.0,1,0.0,0.0,0.0,0.0
1386.0,479.0,4054.0,562.0,3.0,8000.0,0.0,0.0,1.0,0.0,0.0,2.0,False,7.0,1.0,28830.0,46.0,1.0,1.0,0.0,0.0,1.0,0.0,1.0,0.0,2.0,0.0,323.0,0.0,0.0,0.0,74.0,0,0.0,0.0,0.0,0.0
227.0,0.0,1621.0,0.0,0.0,0.0,0.0,0.0,1.0,1.0,0.0,3.0,True,5.0,0.0,25249.0,32.0,0.0,0.0,0.0,0.0,1.0,0.0,0.0,0.0,2.0,0.0,32.0,0.0,0.0,0.0,4.0,0,0.0,0.0,0.0,0.0
3532.0,1065.0,2337.0,0.0,0.0,0.0,0.0,0.0,0.0,0.0,0.0,9.0,True,1.0,0.0,40046.0,58.0,0.0,1.0,0.0,0.0,2.0,0.0,1.0,0.0,1.0,0.0,290.0,0.0,0.0,0.0,4.0,1,0.0,0.0,1.0,0.0
1190.0,325.0,6688.0,1676.0,2.0,8500.0,0.0,0.0,1.0,1.0,0.0,4.0,False,5.0,1.0,34869.0,30.0,1.0,1.0,0.0,0.0,2.0,0.0,1.0,1.0,3.0,1.0,338.0,0.0,0.0,0.0,52.0,1,920.210463642836,1.0,0.0,0.0
927.0,193.0,8747.0,0.0,1.0,3000.0,0.0,0.0,1.0,0.0,0.0,6.0,True,5.0,1.0,23132.0,23.0,1.0,1.0,1.0,0.0,1.0,1.0,1.0,0.0,3.0,0.0,129.0,0.0,1.0,0.0,4.0,1,1017.0028915944011,1.0,0.0,0.0
254.0,10.0,3353.0,117.0,2.0,6500.0,0.0,0.0,0.0,0.0,0.0,14.0,True,11.0,0.0,29018.0,49.0,1.0,1.0,0.0,0.0,1.0,0.0,0.0,1.0,2.0,0.0,254.0,0.0,0.0,0.0,28.0,0,0.0,0.0,0.0,0.0
10450.0,600.0,5322.0,0.0,0.0,15000.0,0.0,1.0,1.0,1.0,0.0,8.0,True,2.0,1.0,36177.0,38.0,1.0,1.0,0.0,0.0,3.0,0.0,1.0,0.0,3.0,0.0,479.0,0.0,0.0,0.0,55.0,0,0.0,0.0,0.0,0.0
227.0,0.0,1620.0,0.0,0.0,0.0,0.0,0.0,0.0,0.0,1.0,5.0,True,6.0,0.0,29753.0,31.0,0.0,1.0,0.0,0.0,1.0,0.0,1.0,0.0,2.0,0.0,123.0,0.0,0.0,0.0,1.0,1,0.0,0.0,0.0,0.0
324.0,0.0,2846.0,0.0,0.0,2500.0,0.0,0.0,1.0,0.0,0.0,13.0,True,14.0,1.0,21033.0,31.0,1.0,1.0,0.0,0.0,1.0,0.0,0.0,1.0,3.0,0.0,134.0,0.0,0.0,0.0,36.0,0,0.0,0.0,0.0,0.0
2093.0,681.0,2458.0,1219.0,4.0,7000.0,1.0,0.0,1.0,0.0,0.0,3.0,True,14.0,1.0,33261.0,40.0,0.0,1.0,0.0,0.0,1.0,0.0,1.0,1.0,3.0,2.0,515.0,0.0,0.0,0.0,83.0,0,0.0,0.0,0.0,0.0
527.0,1086.0,2172.0,0.0,0.0,3000.0,0.0,0.0,0.0,0.0,0.0,4.0,False,8.0,1.0,35793.0,64.0,0.0,0.0,0.0,0.0,1.0,0.0,1.0,0.0,1.0,0.0,153.0,0.0,0.0,0.0,50.0,1,0.0,0.0,1.0,0.0
230.0,0.0,1730.0,0.0,0.0,750.0,0.0,0.0,1.0,0.0,0.0,4.0,True,11.0,0.0,36969.0,21.0,1.0,1.0,0.0,0.0,1.0,0.0,1.0,0.0,1.0,0.0,33.0,0.0,1.0,0.0,7.0,1,0.0,0.0,0.0,0.0
227.0,0.0,1632.0,0.0,0.0,0.0,0.0,0.0,0.0,1.0,0.0,2.0,False,0.0,1.0,28636.0,53.0,0.0,1.0,0.0,0.0,0.0,0.0,1.0,0.0,1.0,0.0,273.0,0.0,0.0,0.0,4.0,0,0.0,0.0,1.0,0.0
10406.0,645.0,21633.0,0.0,0.0,2500.0,0.0,0.0,0.0,0.0,0.0,7.0,True,3.0,1.0,33795.0,72.0,1.0,1.0,0.0,0.0,2.0,0.0,1.0,0.0,1.0,0.0,343.0,0.0,0.0,0.0,27.0,1,0.0,0.0,1.0,0.0
1343.0,374.0,1816.0,0.0,0.0,0.0,0.0,0.0,0.0,0.0,0.0,8.0,False,2.0,0.0,47325.0,67.0,0.0,1.0,0.0,0.0,1.0,0.0,1.0,0.0,1.0,0.0,263.0,0.0,0.0,0.0,4.0,1,0.0,0.0,1.0,0.0
3826.0,28.0,1828.0,0.0,0.0,0.0,0.0,0.0,0.0,1.0,0.0,4.0,False,6.0,0.0,28582.0,77.0,1.0,1.0,0.0,0.0,2.0,0.0,1.0,0.0,1.0,0.0,330.0,0.0,0.0,0.0,13.0,1,0.0,0.0,1.0,0.0
458.0,93.0,1641.0,0.0,0.0,6000.0,0.0,0.0,1.0,0.0,0.0,11.0,True,1.0,0.0,28517.0,23.0,1.0,0.0,0.0,0.0,1.0,0.0,0.0,0.0,2.0,0.0,5.0,0.0,0.0,0.0,2.0,1,0.0,0.0,0.0,0.0
1069.0,278.0,1744.0,0.0,0.0,1500.0,0.0,0.0,1.0,0.0,0.0,2.0,True,2.0,0.0,38214.0,23.0,1.0,1.0,0.0,0.0,1.0,0.0,1.0,0.0,2.0,0.0,174.0,0.0,0.0,0.0,30.0,0,0.0,0.0,0.0,0.0
359.0,844.5,1689.0,0.0,0.0,0.0,0.0,0.0,0.0,0.0,0.0,5.0,True,5.0,0.0,37110.0,17.0,0.0,1.0,0.0,0.0,1.0,0.0,1.0,0.0,1.0,0.0,222.0,0.0,0.0,0.0,4.0,1,0.0,0.0,0.0,0.0
14556.0,3440.0,4013.0,0.0,0.0,0.0,0.0,0.0,0.0,0.0,0.0,8.0,False,0.0,0.0,47965.0,66.0,1.0,1.0,0.0,0.0,3.0,0.0,1.0,0.0,1.0,0.0,384.0,0.0,0.0,0.0,2.0,1,5568.219879041393,1.0,1.0,0.0
2293.0,813.0,2374.0,0.0,0.0,12000.0,0.0,0.0,0.0,0.0,0.0,6.0,True,3.0,0.0,22206.0,60.0,0.0,0.0,0.0,0.0,1.0,0.0,1.0,1.0,2.0,0.0,255.0,0.0,0.0,0.0,55.0,0,0.0,0.0,1.0,0.0
1013.0,136.0,4983.0,0.0,1.0,4000.0,0.0,1.0,1.0,0.0,0.0,6.0,True,2.0,1.0,32173.0,23.0,1.0,1.0,0.0,0.0,1.0,0.0,1.0,0.0,3.0,0.0,344.0,0.0,0.0,0.0,12.0,1,0.0,0.0,0.0,0.0
322.0,23.0,2750.0,0.0,0.0,4500.0,0.0,0.0,0.0,0.0,0.0,3.0,True,7.0,0.0,34511.0,40.0,1.0,1.0,0.0,0.0,1.0,1.0,1.0,0.0,2.0,0.0,258.0,0.0,0.0,0.0,105.0,0,0.0,0.0,0.0,0.0
839.0,230.0,2049.0,0.0,0.0,4000.0,0.0,0.0,1.0,0.0,0.0,7.0,True,8.0,0.0,35205.0,22.0,0.0,1.0,0.0,0.0,1.0,0.0,1.0,0.0,2.0,0.0,287.0,0.0,0.0,0.0,52.0,1,0.0,0.0,0.0,0.0
323.0,38.0,1639.0,0.0,0.0,0.0,0.0,0.0,0.0,1.0,0.0,8.0,True,3.0,0.0,24433.0,60.0,1.0,0.0,0.0,0.0,2.0,0.0,1.0,0.0,1.0,0.0,382.0,0.0,0.0,0.0,37.0,0,0.0,0.0,1.0,0.0
3603.0,624.0,2604.0,0.0,0.0,9000.0,0.0,0.0,0.0,1.0,0.0,7.0,True,8.0,0.0,31440.0,56.0,0.0,1.0,0.0,0.0,1.0,0.0,1.0,1.0,3.0,0.0,350.0,0.0,0.0,0.0,148.0,0,0.0,0.0,0.0,0.0
1909.0,671.0,4239.0,1864.0,3.0,15000.0,1.0,1.0,1.0,1.0,0.0,6.0,True,16.0,1.0,35918.0,40.0,1.0,1.0,0.0,0.0,1.0,0.0,1.0,1.0,3.0,1.0,281.0,0.0,2.0,0.0,62.0,0,0.0,0.0,0.0,0.0
1442.0,1259.0,2518.0,0.0,0.0,15000.0,0.0,0.0,1.0,0.0,0.0,8.0,True,2.0,0.0,30359.0,22.0,1.0,1.0,0.0,0.0,1.0,0.0,1.0,0.0,2.0,0.0,83.0,0.0,0.0,0.0,49.0,0,0.0,0.0,0.0,0.0
528.0,21.0,3910.0,0.0,0.0,6000.0,0.0,0.0,1.0,0.0,0.0,10.0,True,5.0,0.0,20718.0,53.0,1.0,1.0,0.0,0.0,1.0,1.0,1.0,1.0,3.0,1.0,324.0,0.0,1.0,0.0,77.0,0,0.0,0.0,0.0,0.0
1590.0,71.0,2824.0,0.0,0.0,2500.0,0.0,0.0,0.0,1.0,0.0,2.0,True,6.0,0.0,31928.0,65.0,1.0,1.0,0.0,0.0,2.0,0.0,1.0,0.0,1.0,0.0,350.0,0.0,0.0,0.0,58.0,0,0.0,0.0,1.0,0.0
228.0,0.0,1644.0,0.0,0.0,0.0,0.0,0.0,1.0,0.0,0.0,2.0,True,8.0,0.0,25703.0,38.0,0.0,0.0,0.0,0.0,1.0,0.0,1.0,0.0,2.0,0.0,4.0,0.0,0.0,0.0,8.0,1,0.0,0.0,0.0,0.0
227.0,0.0,1665.0,0.0,0.0,0.0,0.0,0.0,0.0,0.0,0.0,6.0,True,9.0,0.0,40974.0,60.0,0.0,1.0,0.0,0.0,1.0,0.0,1.0,0.0,1.0,0.0,30.0,0.0,0.0,0.0,2.0,1,0.0,0.0,0.0,0.0
738.0,125.0,2789.0,0.0,0.0,6000.0,0.0,0.0,1.0,0.0,0.0,10.0,True,6.0,0.0,32155.0,28.0,0.0,1.0,0.0,0.0,1.0,0.0,1.0,0.0,3.0,0.0,362.0,0.0,0.0,0.0,49.0,0,550.38447391892,1.0,0.0,0.0
41694.0,8178.0,21818.0,236.0,2.0,1500.0,0.0,1.0,1.0,1.0,0.0,5.0,True,1.0,0.0,30298.0,53.0,1.0,1.0,0.0,0.0,3.0,1.0,1.0,0.0,2.0,0.0,599.0,0.0,0.0,0.0,52.0,1,12267.0,1.0,0.0,0.0
284.0,816.5,1633.0,0.0,0.0,0.0,0.0,0.0,0.0,1.0,0.0,6.0,True,0.0,0.0,31926.0,71.0,1.0,1.0,0.0,0.0,1.0,0.0,1.0,0.0,1.0,0.0,270.0,0.0,0.0,0.0,4.0,1,0.0,0.0,1.0,0.0
227.0,810.0,1620.0,0.0,0.0,2500.0,0.0,0.0,0.0,0.0,0.0,5.0,True,5.0,0.0,32322.0,68.0,1.0,1.0,0.0,0.0,1.0,0.0,1.0,0.0,1.0,0.0,245.0,0.0,0.0,0.0,38.0,1,0.0,0.0,1.0,0.0
23268.0,543.0,20942.0,0.0,0.0,7000.0,0.0,0.0,0.0,0.0,0.0,3.0,True,8.0,1.0,26936.0,70.0,1.0,0.0,0.0,0.0,3.0,0.0,1.0,0.0,1.0,0.0,384.0,0.0,0.0,0.0,4.0,0,0.0,0.0,1.0,1.0
273.0,0.0,1669.0,0.0,0.0,3500.0,0.0,0.0,1.0,0.0,0.0,8.0,False,6.0,1.0,33878.0,32.0,1.0,1.0,0.0,0.0,1.0,0.0,1.0,0.0,3.0,1.0,370.0,0.0,0.0,0.0,31.0,1,0.0,0.0,0.0,0.0
227.0,0.0,1620.0,0.0,0.0,0.0,0.0,0.0,0.0,1.0,0.0,5.0,True,3.0,0.0,32299.0,18.0,0.0,1.0,0.0,0.0,1.0,0.0,1.0,0.0,1.0,0.0,212.0,0.0,0.0,0.0,3.0,0,0.0,0.0,0.0,0.0
1538.0,526.0,1865.0,0.0,0.0,3000.0,0.0,0.0,0.0,0.0,0.0,5.0,True,8.0,0.0,31973.0,33.0,0.0,1.0,0.0,0.0,1.0,0.0,1.0,0.0,2.0,2.0,289.0,0.0,0.0,0.0,58.0,1,0.0,0.0,0.0,0.0
227.0,810.0,1620.0,0.0,0.0,0.0,0.0,0.0,0.0,0.0,0.0,8.0,True,2.0,0.0,31015.0,29.0,0.0,1.0,0.0,0.0,1.0,0.0,1.0,0.0,1.0,0.0,147.0,0.0,0.0,0.0,1.0,0,0.0,0.0,0.0,0.0
946.0,153.0,16384.0,870.0,1.0,8500.0,0.0,0.0,1.0,0.0,0.0,9.0,False,18.0,1.0,28956.0,47.0,1.0,0.0,0.0,0.0,1.0,1.0,1.0,1.0,2.0,0.0,290.0,0.0,0.0,0.0,52.0,1,0.0,0.0,0.0,0.0
229.0,0.0,1630.0,0.0,0.0,0.0,0.0,0.0,1.0,1.0,0.0,6.0,True,4.0,0.0,34354.0,20.0,0.0,1.0,0.0,0.0,1.0,0.0,1.0,0.0,1.0,0.0,242.0,0.0,0.0,0.0,3.0,0,0.0,0.0,0.0,0.0
3913.0,1463.0,2357.0,0.0,0.0,3500.0,0.0,0.0,0.0,1.0,0.0,4.0,True,4.0,0.0,34723.0,54.0,0.0,1.0,0.0,0.0,2.0,0.0,1.0,0.0,2.0,0.0,384.0,0.0,0.0,0.0,41.0,0,573.2549449936128,1.0,0.0,0.0
697.0,196.0,3286.0,930.0,1.0,1500.0,0.0,0.0,1.0,0.0,0.0,9.0,True,0.0,1.0,28365.0,31.0,0.0,1.0,0.0,0.0,1.0,0.0,1.0,0.0,3.0,2.0,349.0,0.0,0.0,0.0,49.0,1,0.0,0.0,0.0,0.0
283.0,950.5,1901.0,0.0,0.0,0.0,0.0,0.0,1.0,1.0,0.0,6.0,True,8.0,0.0,32205.0,25.0,0.0,1.0,0.0,0.0,1.0,0.0,0.0,1.0,2.0,0.0,80.0,0.0,0.0,0.0,70.0,1,0.0,0.0,0.0,0.0
16341.0,3162.0,15016.0,643.0,2.0,0.0,0.0,1.0,1.0,0.0,0.0,7.0,True,0.0,1.0,31343.0,40.0,1.0,1.0,0.0,0.0,3.0,4.0,1.0,1.0,3.0,2.0,539.0,0.0,1.0,0.0,48.0,0,0.0,0.0,0.0,0.0
973.0,0.0,1745.0,0.0,0.0,4500.0,0.0,0.0,1.0,1.0,0.0,3.0,True,9.0,1.0,32322.0,54.0,1.0,0.0,1.0,0.0,4.0,6.0,1.0,0.0,3.0,0.0,587.0,1.0,2.0,1955.0,86.0,1,0.0,0.0,0.0,0.0
778.0,208.0,1768.0,0.0,0.0,3500.0,0.0,0.0,0.0,1.0,0.0,7.0,True,9.0,0.0,28953.0,20.0,1.0,1.0,0.0,0.0,1.0,0.0,1.0,0.0,2.0,0.0,175.0,0.0,0.0,0.0,22.0,1,160.3725627531063,1.0,0.0,0.0
227.0,1503.0,3006.0,0.0,0.0,0.0,0.0,0.0,0.0,0.0,0.0,9.0,True,4.0,0.0,37566.0,38.0,0.0,1.0,0.0,0.0,1.0,0.0,0.0,1.0,3.0,0.0,100.0,0.0,0.0,0.0,4.0,0,0.0,0.0,0.0,0.0
4569.0,1825.0,2334.0,0.0,0.0,0.0,0.0,0.0,0.0,0.0,0.0,2.0,True,8.0,0.0,28586.0,68.0,1.0,1.0,0.0,0.0,2.0,0.0,1.0,0.0,1.0,0.0,19.0,0.0,0.0,0.0,4.0,0,0.0,0.0,1.0,0.0
2552.0,441.0,5869.0,1781.0,2.0,6000.0,0.0,0.0,1.0,1.0,0.0,11.0,True,1.0,1.0,32943.0,49.0,1.0,1.0,0.0,0.0,2.0,0.0,1.0,1.0,3.0,1.0,324.0,0.0,0.0,0.0,138.0,1,0.0,0.0,0.0,0.0
6860.0,3305.0,3305.0,0.0,0.0,12000.0,0.0,1.0,0.0,0.0,0.0,6.0,True,6.0,0.0,32305.0,46.0,0.0,1.0,0.0,0.0,2.0,0.0,1.0,1.0,3.0,1.0,324.0,0.0,0.0,0.0,13.0,0,0.0,0.0,0.0,0.0
227.0,0.0,5075.0,0.0,0.0,6000.0,1.0,0.0,1.0,0.0,0.0,6.0,True,2.0,0.0,21904.0,21.0,1.0,0.0,0.0,0.0,1.0,0.0,0.0,0.0,3.0,0.0,61.0,0.0,0.0,0.0,39.0,1,0.0,0.0,0.0,0.0
274.0,0.0,1660.0,0.0,0.0,0.0,0.0,0.0,0.0,1.0,0.0,1.0,True,0.0,0.0,29151.0,31.0,0.0,1.0,0.0,0.0,1.0,0.0,1.0,0.0,2.0,0.0,124.0,0.0,0.0,0.0,4.0,1,234.2765025183492,1.0,0.0,0.0
1665.0,603.0,1942.0,0.0,0.0,0.0,0.0,0.0,1.0,1.0,0.0,8.0,True,2.0,0.0,31771.0,44.0,1.0,1.0,0.0,0.0,2.0,0.0,1.0,0.0,3.0,1.0,122.0,0.0,0.0,0.0,4.0,0,0.0,0.0,0.0,0.0
912.0,100.0,2181.0,0.0,0.0,0.0,0.0,0.0,0.0,0.0,0.0,1.0,True,6.0,0.0,35747.0,48.0,1.0,1.0,0.0,0.0,2.0,0.0,1.0,0.0,3.0,0.0,242.0,0.0,0.0,0.0,1.0,1,0.0,0.0,0.0,0.0
2075.0,776.0,1927.0,0.0,0.0,0.0,0.0,0.0,0.0,0.0,0.0,5.0,True,3.0,0.0,28428.0,63.0,0.0,1.0,0.0,0.0,1.0,0.0,1.0,0.0,1.0,0.0,246.0,0.0,0.0,0.0,3.0,1,0.0,0.0,1.0,0.0
227.0,0.0,1620.0,0.0,0.0,0.0,0.0,0.0,1.0,1.0,0.0,7.0,True,9.0,0.0,31645.0,27.0,0.0,1.0,0.0,0.0,1.0,0.0,1.0,0.0,1.0,0.0,135.0,0.0,0.0,0.0,3.0,1,0.0,0.0,0.0,0.0
227.0,810.0,1620.0,0.0,0.0,0.0,0.0,0.0,0.0,0.0,0.0,1.0,True,8.0,0.0,39027.0,46.0,0.0,1.0,0.0,0.0,0.0,0.0,1.0,0.0,3.0,1.0,273.0,0.0,0.0,0.0,3.0,1,0.0,0.0,0.0,0.0
227.0,0.0,1620.0,0.0,0.0,0.0,0.0,0.0,0.0,0.0,0.0,9.0,True,6.0,0.0,29113.0,50.0,0.0,1.0,0.0,0.0,0.0,0.0,1.0,0.0,1.0,0.0,273.0,0.0,0.0,0.0,2.0,0,0.0,0.0,0.0,0.0
2398.0,563.0,2886.0,41.0,1.0,11000.0,0.0,0.0,1.0,1.0,0.0,5.0,True,1.0,1.0,33460.0,53.0,0.0,1.0,0.0,0.0,1.0,0.0,1.0,1.0,1.0,0.0,347.0,0.0,0.0,0.0,94.0,1,0.0,0.0,0.0,0.0
15186.0,3897.0,10953.0,0.0,0.0,12000.0,0.0,0.0,0.0,0.0,0.0,8.0,True,10.0,1.0,37783.0,59.0,1.0,1.0,0.0,0.0,3.0,0.0,1.0,1.0,2.0,0.0,396.0,0.0,0.0,0.0,3.0,0,9863.870894440832,1.0,0.0,1.0
227.0,0.0,2282.0,1539.0,2.0,6000.0,0.0,0.0,0.0,0.0,0.0,7.0,True,3.0,1.0,38238.0,32.0,0.0,1.0,0.0,0.0,1.0,0.0,1.0,0.0,3.0,0.0,147.0,0.0,1.0,0.0,18.0,1,0.0,0.0,0.0,0.0
5631.0,3289.0,6578.0,0.0,0.0,6500.0,0.0,1.0,1.0,1.0,0.0,5.0,True,8.0,1.0,36404.0,36.0,1.0,1.0,0.0,0.0,2.0,0.0,1.0,0.0,2.0,0.0,242.0,0.0,0.0,0.0,43.0,1,0.0,0.0,0.0,0.0
5356.0,794.0,6251.0,0.0,0.0,0.0,0.0,0.0,0.0,1.0,0.0,9.0,True,6.0,0.0,31004.0,69.0,1.0,1.0,0.0,0.0,2.0,0.0,1.0,0.0,1.0,0.0,207.0,0.0,0.0,0.0,4.0,0,0.0,0.0,1.0,0.0
3626.0,284.0,7375.0,0.0,2.0,15000.0,0.0,1.0,1.0,1.0,0.0,8.0,True,23.0,1.0,41152.0,46.0,0.0,1.0,0.0,0.0,2.0,0.0,1.0,1.0,3.0,2.0,478.0,0.0,0.0,0.0,1.0,0,3375.965300132812,1.0,0.0,1.0
227.0,0.0,1620.0,0.0,0.0,0.0,0.0,0.0,0.0,0.0,0.0,9.0,True,7.0,0.0,32103.0,44.0,0.0,1.0,0.0,0.0,1.0,0.0,1.0,0.0,2.0,0.0,273.0,0.0,0.0,0.0,4.0,1,0.0,0.0,0.0,0.0
867.0,903.0,1806.0,0.0,0.0,15000.0,0.0,0.0,0.0,0.0,0.0,7.0,True,9.0,0.0,35029.0,39.0,1.0,1.0,0.0,0.0,1.0,0.0,1.0,0.0,2.0,2.0,220.0,0.0,0.0,0.0,18.0,1,0.0,0.0,0.0,0.0
18234.0,949.0,30101.0,0.0,0.0,0.0,0.0,0.0,0.0,0.0,0.0,9.0,False,2.0,0.0,41095.0,76.0,1.0,0.0,0.0,0.0,3.0,0.0,1.0,0.0,1.0,0.0,26.0,0.0,0.0,0.0,1.0,1,0.0,0.0,1.0,0.0
4851.0,803.0,5465.0,1307.0,2.0,13000.0,0.0,0.0,1.0,0.0,0.0,9.0,True,4.0,1.0,37604.0,46.0,1.0,1.0,0.0,0.0,2.0,0.0,1.0,1.0,2.0,0.0,306.0,0.0,0.0,0.0,115.0,1,0.0,0.0,0.0,0.0
227.0,0.0,1620.0,0.0,0.0,0.0,0.0,0.0,0.0,0.0,0.0,2.0,False,1.0,0.0,28754.0,22.0,0.0,1.0,0.0,0.0,1.0,0.0,0.0,0.0,3.0,0.0,108.0,0.0,0.0,0.0,4.0,1,0.0,0.0,0.0,0.0
6855.0,1664.0,8205.0,1634.0,7.0,6000.0,1.0,1.0,1.0,1.0,0.0,8.0,True,4.0,1.0,33188.0,33.0,1.0,1.0,0.0,0.0,1.0,0.0,1.0,0.0,2.0,0.0,105.0,0.0,0.0,0.0,1.0,1,0.0,0.0,0.0,1.0
228.0,0.0,14103.0,3343.0,3.0,3000.0,0.0,0.0,0.0,0.0,0.0,9.0,True,0.0,1.0,43127.0,37.0,1.0,1.0,0.0,0.0,1.0,0.0,0.0,0.0,3.0,0.0,107.0,0.0,0.0,0.0,4.0,1,0.0,0.0,0.0,0.0
703.0,894.0,1788.0,0.0,0.0,1500.0,0.0,0.0,0.0,0.0,0.0,4.0,False,12.0,0.0,29986.0,55.0,0.0,0.0,0.0,0.0,1.0,0.0,1.0,1.0,2.0,0.0,243.0,0.0,0.0,0.0,4.0,1,0.0,0.0,0.0,0.0
229.0,0.0,1621.0,0.0,0.0,0.0,0.0,0.0,1.0,1.0,0.0,2.0,True,5.0,0.0,31947.0,38.0,1.0,1.0,0.0,0.0,1.0,0.0,0.0,0.0,3.0,0.0,25.0,0.0,0.0,0.0,57.0,1,0.0,0.0,0.0,0.0
227.0,0.0,1620.0,0.0,0.0,12000.0,0.0,0.0,0.0,0.0,0.0,4.0,True,0.0,0.0,27364.0,46.0,0.0,1.0,0.0,0.0,1.0,0.0,1.0,0.0,2.0,0.0,78.0,0.0,0.0,0.0,35.0,1,0.0,0.0,0.0,0.0
334.0,0.0,1821.0,0.0,0.0,0.0,0.0,0.0,1.0,0.0,0.0,11.0,True,9.0,1.0,28976.0,38.0,0.0,1.0,0.0,0.0,1.0,0.0,1.0,1.0,2.0,0.0,338.0,0.0,0.0,0.0,1.0,0,0.0,0.0,0.0,0.0
242.0,915.0,1830.0,52.0,2.0,2500.0,0.0,0.0,0.0,0.0,0.0,3.0,True,2.0,1.0,32085.0,53.0,1.0,1.0,0.0,0.0,1.0,0.0,1.0,1.0,3.0,0.0,107.0,0.0,0.0,0.0,8.0,0,0.0,0.0,0.0,0.0
227.0,810.0,1620.0,0.0,0.0,0.0,0.0,0.0,0.0,1.0,0.0,9.0,True,6.0,0.0,34281.0,17.0,0.0,1.0,0.0,0.0,1.0,0.0,1.0,0.0,1.0,0.0,209.0,0.0,0.0,0.0,4.0,0,0.0,0.0,0.0,0.0
234.0,0.0,1635.0,0.0,0.0,0.0,0.0,0.0,0.0,1.0,0.0,5.0,True,2.0,0.0,26606.0,50.0,1.0,0.0,0.0,0.0,1.0,1.0,1.0,0.0,3.0,0.0,671.0,0.0,0.0,0.0,4.0,0,0.0,0.0,0.0,0.0
1797.0,955.5,1911.0,0.0,0.0,3000.0,0.0,0.0,0.0,0.0,0.0,9.0,False,5.0,0.0,32155.0,67.0,0.0,1.0,0.0,0.0,1.0,0.0,1.0,0.0,1.0,0.0,245.0,0.0,0.0,0.0,69.0,1,0.0,0.0,0.0,0.0
640.0,0.0,1777.0,0.0,0.0,0.0,0.0,0.0,0.0,0.0,0.0,8.0,True,4.0,0.0,33665.0,54.0,0.0,1.0,0.0,0.0,2.0,0.0,1.0,0.0,3.0,0.0,443.0,0.0,1.0,199.0,2.0,1,0.0,0.0,0.0,0.0
229.0,0.0,1663.0,0.0,0.0,3500.0,0.0,0.0,0.0,0.0,0.0,8.0,True,1.0,0.0,32509.0,47.0,0.0,1.0,0.0,0.0,1.0,0.0,1.0,1.0,2.0,0.0,371.0,0.0,0.0,0.0,4.0,1,0.0,0.0,0.0,0.0
5565.0,5516.5,11033.0,0.0,1.0,15000.0,0.0,0.0,0.0,0.0,0.0,4.0,True,9.0,1.0,39366.0,35.0,1.0,1.0,0.0,0.0,3.0,0.0,1.0,1.0,3.0,3.0,333.0,0.0,0.0,0.0,21.0,1,3189.8800669454595,1.0,0.0,1.0
227.0,0.0,1623.0,0.0,0.0,0.0,0.0,0.0,0.0,0.0,0.0,10.0,True,3.0,0.0,32155.0,31.0,0.0,1.0,0.0,0.0,1.0,0.0,1.0,0.0,2.0,0.0,221.0,0.0,0.0,0.0,3.0,0,0.0,0.0,0.0,0.0
1492.0,429.0,8191.0,1774.0,3.0,13000.0,0.0,0.0,1.0,1.0,0.0,8.0,True,12.0,1.0,39747.0,38.0,0.0,1.0,0.0,0.0,1.0,0.0,1.0,1.0,2.0,3.0,408.0,0.0,0.0,0.0,26.0,0,0.0,0.0,0.0,0.0
6766.0,3995.0,3995.0,207.0,1.0,13000.0,0.0,0.0,0.0,1.0,0.0,9.0,True,3.0,1.0,31305.0,44.0,0.0,1.0,0.0,0.0,2.0,0.0,1.0,1.0,3.0,1.0,325.0,0.0,0.0,0.0,74.0,0,0.0,0.0,0.0,0.0
122993.0,6030.0,42142.0,0.0,0.0,5000.0,0.0,1.0,0.0,1.0,0.0,5.0,True,6.0,0.0,56332.0,61.0,1.0,1.0,0.0,0.0,5.0,0.0,0.0,1.0,1.0,0.0,357.0,0.0,0.0,0.0,30.0,0,0.0,0.0,1.0,0.0
387.0,7.0,1760.0,0.0,0.0,750.0,0.0,0.0,1.0,1.0,0.0,2.0,True,7.0,0.0,35756.0,23.0,1.0,1.0,0.0,0.0,1.0,0.0,1.0,0.0,2.0,0.0,210.0,0.0,0.0,0.0,38.0,1,0.0,0.0,0.0,0.0
272.0,19.0,1628.0,0.0,0.0,0.0,0.0,0.0,0.0,0.0,0.0,5.0,True,8.0,0.0,33399.0,38.0,0.0,1.0,0.0,0.0,1.0,0.0,1.0,0.0,2.0,0.0,55.0,0.0,0.0,0.0,3.0,0,0.0,0.0,0.0,0.0
884.0,0.0,2907.0,0.0,0.0,1500.0,0.0,0.0,0.0,0.0,0.0,4.0,True,4.0,1.0,26306.0,57.0,0.0,1.0,0.0,0.0,1.0,0.0,1.0,0.0,2.0,0.0,324.0,0.0,0.0,0.0,3.0,0,0.0,0.0,0.0,0.0
6174.0,5673.5,11347.0,0.0,0.0,4000.0,0.0,0.0,0.0,0.0,0.0,5.0,True,8.0,0.0,43934.0,73.0,1.0,1.0,0.0,0.0,3.0,0.0,1.0,0.0,1.0,0.0,551.0,0.0,0.0,0.0,21.0,1,0.0,0.0,1.0,0.0
2613.0,906.0,1958.0,0.0,0.0,0.0,0.0,0.0,0.0,0.0,0.0,3.0,True,9.0,0.0,33770.0,71.0,0.0,1.0,0.0,0.0,2.0,0.0,1.0,0.0,1.0,0.0,122.0,0.0,0.0,0.0,4.0,0,0.0,0.0,1.0,0.0
227.0,810.0,1620.0,0.0,0.0,0.0,0.0,0.0,0.0,0.0,0.0,4.0,False,7.0,0.0,26510.0,74.0,0.0,1.0,0.0,0.0,0.0,0.0,1.0,0.0,1.0,0.0,273.0,0.0,0.0,0.0,4.0,1,0.0,0.0,0.0,0.0
227.0,0.0,1620.0,19.0,1.0,0.0,0.0,0.0,0.0,0.0,0.0,5.0,True,2.0,1.0,41523.0,41.0,0.0,1.0,0.0,0.0,1.0,0.0,0.0,0.0,3.0,0.0,51.0,0.0,0.0,0.0,4.0,1,0.0,0.0,0.0,0.0
227.0,0.0,1620.0,0.0,0.0,4000.0,0.0,0.0,0.0,0.0,0.0,7.0,True,2.0,0.0,35419.0,67.0,0.0,1.0,0.0,0.0,1.0,0.0,1.0,0.0,1.0,0.0,671.0,0.0,0.0,0.0,39.0,1,0.0,0.0,1.0,0.0
227.0,0.0,1620.0,1531.0,2.0,15000.0,0.0,0.0,1.0,1.0,0.0,10.0,True,1.0,1.0,36314.0,27.0,1.0,1.0,0.0,0.0,1.0,0.0,1.0,1.0,3.0,1.0,86.0,0.0,0.0,0.0,24.0,1,0.0,0.0,0.0,0.0
7030.0,31.0,11418.0,177.0,1.0,4000.0,0.0,1.0,1.0,1.0,0.0,10.0,True,8.0,1.0,34811.0,50.0,1.0,1.0,1.0,0.0,2.0,0.0,1.0,1.0,2.0,0.0,587.0,0.0,0.0,0.0,32.0,0,687.03525707284,1.0,0.0,0.0
536.0,85.0,1897.0,0.0,0.0,10000.0,0.0,0.0,1.0,1.0,0.0,4.0,True,12.0,0.0,21100.0,46.0,1.0,0.0,0.0,0.0,1.0,0.0,0.0,1.0,3.0,1.0,164.0,0.0,0.0,0.0,66.0,1,0.0,0.0,0.0,0.0
227.0,0.0,1627.0,0.0,0.0,0.0,0.0,0.0,1.0,1.0,0.0,11.0,True,42.0,0.0,36148.0,28.0,0.0,1.0,0.0,0.0,1.0,0.0,1.0,1.0,1.0,0.0,242.0,0.0,0.0,0.0,4.0,1,0.0,0.0,0.0,0.0
566.0,0.0,2390.0,892.0,3.0,12000.0,0.0,0.0,0.0,0.0,0.0,2.0,True,4.0,1.0,37871.0,41.0,0.0,1.0,0.0,0.0,1.0,0.0,1.0,0.0,3.0,1.0,338.0,0.0,0.0,0.0,89.0,1,833.4760882584377,1.0,0.0,0.0
497.0,104.0,1686.0,0.0,0.0,0.0,0.0,0.0,1.0,0.0,0.0,7.0,True,7.0,0.0,38219.0,37.0,0.0,1.0,0.0,0.0,1.0,0.0,1.0,0.0,2.0,0.0,326.0,0.0,0.0,0.0,1.0,1,0.0,0.0,0.0,0.0
4090.0,1579.0,2292.0,0.0,0.0,0.0,0.0,0.0,0.0,0.0,0.0,9.0,True,3.0,0.0,36028.0,63.0,0.0,1.0,0.0,0.0,2.0,0.0,1.0,0.0,1.0,0.0,248.0,0.0,0.0,0.0,3.0,1,0.0,0.0,1.0,0.0
227.0,810.0,1620.0,0.0,0.0,0.0,0.0,0.0,0.0,1.0,0.0,10.0,True,8.0,0.0,33990.0,60.0,1.0,0.0,1.0,0.0,0.0,0.0,1.0,0.0,1.0,0.0,273.0,0.0,2.0,0.0,4.0,0,0.0,0.0,0.0,0.0
18300.0,1464.0,21087.0,91.0,1.0,0.0,0.0,1.0,1.0,0.0,0.0,2.0,False,3.0,1.0,34923.0,50.0,0.0,0.0,0.0,0.0,3.0,2.0,1.0,0.0,3.0,2.0,252.0,0.0,1.0,0.0,60.0,0,0.0,0.0,0.0,0.0
1419.0,281.0,2522.0,0.0,0.0,15000.0,0.0,0.0,1.0,1.0,0.0,7.0,False,17.0,0.0,26018.0,38.0,1.0,0.0,0.0,0.0,1.0,0.0,1.0,1.0,2.0,3.0,287.0,0.0,0.0,0.0,40.0,0,0.0,0.0,0.0,0.0
227.0,0.0,1620.0,0.0,0.0,0.0,0.0,0.0,0.0,0.0,0.0,3.0,True,5.0,0.0,33056.0,46.0,1.0,1.0,0.0,0.0,0.0,0.0,1.0,0.0,2.0,0.0,273.0,0.0,0.0,0.0,4.0,0,0.0,0.0,0.0,0.0
324.0,835.5,1671.0,0.0,0.0,750.0,0.0,1.0,1.0,1.0,0.0,3.0,True,7.0,0.0,39218.0,20.0,1.0,1.0,0.0,0.0,1.0,0.0,1.0,0.0,1.0,0.0,79.0,0.0,0.0,0.0,11.0,0,0.0,0.0,0.0,0.0
270.0,16.0,1628.0,0.0,0.0,750.0,0.0,0.0,0.0,1.0,0.0,2.0,True,4.0,0.0,28047.0,17.0,0.0,1.0,0.0,0.0,1.0,0.0,1.0,0.0,1.0,0.0,79.0,0.0,0.0,0.0,1.0,0,0.0,0.0,0.0,0.0
245.0,0.0,1991.0,0.0,0.0,0.0,0.0,0.0,0.0,0.0,0.0,2.0,True,5.0,0.0,27191.0,32.0,0.0,1.0,0.0,0.0,1.0,0.0,1.0,0.0,2.0,0.0,268.0,0.0,0.0,0.0,2.0,1,0.0,0.0,0.0,0.0
855.0,261.0,1763.0,0.0,0.0,1500.0,0.0,0.0,1.0,0.0,0.0,6.0,True,4.0,0.0,36560.0,18.0,0.0,1.0,0.0,0.0,1.0,0.0,1.0,0.0,1.0,0.0,242.0,0.0,0.0,0.0,1.0,1,0.0,0.0,0.0,0.0
4887.0,0.0,8581.0,348.0,1.0,4000.0,0.0,1.0,1.0,1.0,0.0,3.0,False,7.0,0.0,34206.0,55.0,1.0,1.0,0.0,0.0,2.0,0.0,1.0,1.0,2.0,0.0,246.0,0.0,0.0,0.0,3.0,0,0.0,0.0,0.0,1.0
286.0,2.0,1716.0,1687.0,3.0,0.0,0.0,0.0,0.0,0.0,0.0,8.0,True,3.0,0.0,29807.0,38.0,0.0,1.0,0.0,0.0,1.0,0.0,0.0,0.0,2.0,0.0,288.0,0.0,0.0,0.0,63.0,1,0.0,0.0,0.0,0.0
227.0,0.0,1788.0,0.0,0.0,0.0,0.0,0.0,0.0,0.0,0.0,10.0,True,0.0,0.0,29021.0,29.0,0.0,1.0,0.0,0.0,1.0,0.0,1.0,0.0,2.0,0.0,273.0,0.0,0.0,0.0,4.0,0,0.0,0.0,0.0,0.0
227.0,0.0,1620.0,0.0,0.0,0.0,0.0,0.0,0.0,0.0,0.0,8.0,True,9.0,0.0,32306.0,18.0,0.0,1.0,0.0,0.0,1.0,0.0,1.0,0.0,1.0,0.0,212.0,0.0,0.0,0.0,3.0,1,0.0,0.0,0.0,0.0
2025.0,0.0,4366.0,0.0,0.0,15000.0,0.0,0.0,0.0,0.0,0.0,12.0,True,6.0,0.0,40170.0,58.0,1.0,1.0,0.0,0.0,2.0,0.0,1.0,1.0,1.0,0.0,364.0,0.0,0.0,0.0,70.0,1,3091.380517667,1.0,0.0,0.0
564.0,867.5,1735.0,0.0,0.0,8000.0,0.0,0.0,1.0,1.0,0.0,7.0,True,9.0,0.0,32948.0,61.0,0.0,1.0,0.0,0.0,4.0,6.0,1.0,0.0,1.0,0.0,551.0,0.0,0.0,0.0,62.0,0,0.0,0.0,1.0,0.0
1833.0,8.0,2915.0,0.0,0.0,4500.0,0.0,0.0,0.0,0.0,0.0,10.0,True,4.0,0.0,26429.0,60.0,0.0,1.0,0.0,0.0,2.0,0.0,1.0,0.0,2.0,0.0,563.0,0.0,0.0,0.0,64.0,0,0.0,0.0,0.0,0.0
227.0,0.0,1620.0,0.0,0.0,0.0,0.0,0.0,0.0,0.0,0.0,9.0,False,0.0,0.0,23758.0,46.0,1.0,1.0,0.0,0.0,0.0,0.0,1.0,0.0,2.0,2.0,273.0,0.0,1.0,0.0,2.0,1,0.0,0.0,0.0,0.0
2787.0,1076.0,2041.0,0.0,0.0,0.0,0.0,0.0,0.0,0.0,0.0,7.0,True,9.0,0.0,42801.0,55.0,0.0,1.0,0.0,0.0,1.0,0.0,1.0,0.0,3.0,0.0,125.0,0.0,0.0,0.0,1.0,0,0.0,0.0,0.0,0.0
318.0,0.0,1734.0,25.0,1.0,1500.0,0.0,0.0,0.0,0.0,0.0,6.0,True,1.0,0.0,31830.0,47.0,0.0,1.0,0.0,0.0,1.0,0.0,1.0,0.0,2.0,0.0,341.0,0.0,0.0,0.0,52.0,0,0.0,0.0,0.0,0.0
1866.0,56.0,7135.0,0.0,0.0,2500.0,0.0,0.0,1.0,1.0,0.0,4.0,True,0.0,1.0,22823.0,52.0,1.0,1.0,1.0,0.0,2.0,0.0,1.0,0.0,2.0,0.0,411.0,0.0,0.0,0.0,50.0,1,0.0,0.0,0.0,0.0
227.0,0.0,1620.0,0.0,0.0,0.0,0.0,0.0,0.0,0.0,0.0,5.0,True,0.0,0.0,32399.0,36.0,1.0,1.0,0.0,0.0,2.0,0.0,1.0,0.0,3.0,0.0,242.0,0.0,0.0,0.0,26.0,1,0.0,0.0,0.0,0.0
227.0,0.0,1620.0,0.0,0.0,0.0,0.0,0.0,0.0,0.0,0.0,10.0,True,6.0,0.0,33268.0,41.0,0.0,0.0,0.0,0.0,1.0,0.0,0.0,0.0,2.0,0.0,26.0,0.0,0.0,0.0,4.0,0,0.0,0.0,0.0,0.0
270.0,0.0,1636.0,0.0,0.0,0.0,0.0,0.0,0.0,0.0,0.0,2.0,True,3.0,0.0,28936.0,35.0,1.0,1.0,1.0,0.0,1.0,1.0,1.0,0.0,3.0,0.0,477.0,0.0,2.0,0.0,1.0,0,0.0,0.0,0.0,0.0
976.0,2459.0,4918.0,0.0,3.0,12500.0,0.0,0.0,1.0,0.0,0.0,9.0,True,11.0,1.0,30790.0,35.0,1.0,1.0,0.0,0.0,1.0,0.0,1.0,1.0,3.0,1.0,253.0,0.0,0.0,0.0,154.0,0,0.0,0.0,0.0,0.0
433.0,0.0,6071.0,0.0,2.0,15000.0,0.0,0.0,1.0,0.0,0.0,5.0,True,5.0,1.0,28832.0,27.0,1.0,1.0,0.0,0.0,1.0,0.0,1.0,0.0,3.0,0.0,207.0,0.0,0.0,0.0,28.0,1,1017.1537849042984,1.0,0.0,0.0
227.0,0.0,1620.0,0.0,0.0,0.0,0.0,0.0,0.0,0.0,0.0,8.0,True,5.0,0.0,38595.0,34.0,0.0,1.0,0.0,0.0,0.0,0.0,1.0,0.0,2.0,0.0,273.0,0.0,0.0,0.0,2.0,0,0.0,0.0,0.0,0.0
248.0,9.0,1624.0,0.0,0.0,0.0,0.0,0.0,0.0,0.0,0.0,6.0,True,3.0,0.0,43621.0,25.0,0.0,1.0,0.0,0.0,1.0,0.0,0.0,0.0,1.0,0.0,304.0,0.0,0.0,0.0,4.0,0,0.0,0.0,0.0,0.0
227.0,0.0,1620.0,0.0,0.0,0.0,0.0,0.0,0.0,0.0,0.0,2.0,True,4.0,0.0,16926.0,43.0,0.0,1.0,0.0,0.0,1.0,0.0,0.0,0.0,2.0,3.0,296.0,0.0,0.0,0.0,4.0,1,0.0,0.0,0.0,0.0
3211.0,3115.0,3115.0,0.0,0.0,5000.0,0.0,1.0,0.0,1.0,0.0,6.0,True,12.0,0.0,27951.0,58.0,1.0,1.0,0.0,0.0,3.0,0.0,1.0,1.0,1.0,0.0,473.0,0.0,0.0,0.0,34.0,1,6275.166296603781,1.0,1.0,0.0
4014.0,3158.0,3158.0,42.0,1.0,15000.0,0.0,0.0,0.0,1.0,0.0,1.0,True,6.0,1.0,21641.0,35.0,0.0,0.0,0.0,0.0,2.0,0.0,1.0,1.0,3.0,3.0,469.0,0.0,0.0,0.0,68.0,1,1567.619335825551,1.0,0.0,0.0
227.0,0.0,1620.0,0.0,0.0,0.0,0.0,0.0,0.0,0.0,0.0,6.0,True,3.0,0.0,20222.0,27.0,0.0,0.0,0.0,0.0,1.0,0.0,0.0,0.0,3.0,0.0,77.0,0.0,0.0,0.0,40.0,0,0.0,0.0,0.0,0.0
227.0,0.0,1620.0,0.0,0.0,0.0,0.0,0.0,0.0,0.0,0.0,1.0,True,5.0,0.0,35859.0,58.0,0.0,1.0,0.0,0.0,1.0,0.0,1.0,0.0,2.0,0.0,237.0,0.0,0.0,0.0,4.0,1,0.0,0.0,0.0,0.0
2935.0,981.0,2019.0,0.0,0.0,750.0,0.0,0.0,0.0,0.0,0.0,7.0,True,7.0,1.0,32858.0,22.0,0.0,1.0,0.0,0.0,1.0,0.0,1.0,0.0,2.0,0.0,295.0,0.0,0.0,0.0,3.0,0,0.0,0.0,0.0,0.0
1650.0,552.0,1807.0,0.0,0.0,5000.0,1.0,0.0,1.0,1.0,0.0,4.0,True,7.0,1.0,31897.0,23.0,1.0,1.0,0.0,0.0,1.0,0.0,0.0,1.0,3.0,0.0,162.0,0.0,0.0,0.0,43.0,1,0.0,1.0,0.0,0.0
2113.0,2259.5,4519.0,0.0,0.0,0.0,0.0,1.0,1.0,1.0,0.0,2.0,True,9.0,0.0,31177.0,57.0,1.0,1.0,0.0,0.0,2.0,0.0,1.0,0.0,1.0,0.0,242.0,0.0,0.0,0.0,1.0,0,0.0,0.0,1.0,0.0
556.0,110.0,1694.0,0.0,0.0,0.0,0.0,0.0,0.0,0.0,0.0,8.0,True,1.0,0.0,25482.0,16.0,0.0,1.0,0.0,0.0,1.0,1.0,1.0,0.0,3.0,1.0,264.0,0.0,0.0,0.0,4.0,0,0.0,0.0,0.0,0.0
234.0,1011.0,2022.0,0.0,2.0,15000.0,0.0,0.0,0.0,0.0,0.0,6.0,True,5.0,1.0,33548.0,41.0,1.0,1.0,0.0,0.0,1.0,0.0,1.0,0.0,3.0,2.0,523.0,0.0,0.0,0.0,134.0,0,0.0,0.0,0.0,0.0
4528.0,796.0,6679.0,0.0,0.0,3500.0,0.0,1.0,1.0,0.0,0.0,6.0,True,2.0,1.0,33060.0,24.0,1.0,1.0,0.0,0.0,2.0,0.0,1.0,0.0,2.0,0.0,334.0,0.0,1.0,0.0,4.0,0,0.0,0.0,0.0,0.0
453.0,0.0,1859.0,0.0,0.0,0.0,1.0,0.0,0.0,1.0,0.0,0.0,True,1.0,0.0,39695.0,48.0,0.0,1.0,0.0,0.0,1.0,0.0,1.0,0.0,3.0,0.0,396.0,0.0,2.0,0.0,4.0,0,0.0,0.0,0.0,0.0
16552.0,127.0,41127.0,0.0,0.0,7000.0,0.0,0.0,0.0,0.0,0.0,8.0,False,6.0,1.0,32640.0,72.0,1.0,1.0,0.0,0.0,3.0,0.0,1.0,1.0,1.0,0.0,324.0,0.0,0.0,0.0,47.0,1,0.0,0.0,1.0,0.0
230.0,1.0,1636.0,0.0,0.0,0.0,0.0,0.0,0.0,1.0,0.0,7.0,False,8.0,0.0,31652.0,52.0,1.0,1.0,0.0,0.0,1.0,0.0,1.0,0.0,2.0,0.0,163.0,0.0,0.0,0.0,3.0,0,0.0,0.0,0.0,0.0
227.0,0.0,1620.0,0.0,0.0,4500.0,0.0,0.0,1.0,0.0,0.0,10.0,True,7.0,0.0,31362.0,23.0,1.0,1.0,0.0,0.0,1.0,0.0,1.0,0.0,3.0,0.0,7.0,0.0,0.0,0.0,4.0,1,0.0,0.0,0.0,0.0
601.0,1007.0,2014.0,184.0,1.0,15000.0,0.0,0.0,1.0,0.0,0.0,9.0,True,3.0,1.0,23881.0,33.0,0.0,1.0,0.0,0.0,1.0,0.0,1.0,1.0,3.0,0.0,269.0,0.0,0.0,0.0,26.0,1,1847.742631024109,1.0,0.0,0.0
1259.0,0.0,2457.0,0.0,0.0,8000.0,0.0,0.0,0.0,0.0,0.0,9.0,True,2.0,0.0,31520.0,41.0,1.0,1.0,0.0,0.0,2.0,0.0,1.0,0.0,3.0,1.0,399.0,0.0,0.0,0.0,4.0,1,4533.695346387306,1.0,0.0,0.0
2359.0,687.0,2006.0,0.0,0.0,2500.0,0.0,0.0,0.0,0.0,0.0,9.0,True,8.0,0.0,25926.0,66.0,1.0,1.0,0.0,0.0,1.0,0.0,1.0,0.0,1.0,0.0,575.0,0.0,0.0,0.0,13.0,0,0.0,0.0,1.0,0.0
622.0,86.0,1766.0,0.0,0.0,2500.0,0.0,0.0,1.0,0.0,0.0,6.0,True,8.0,0.0,46844.0,17.0,0.0,1.0,0.0,0.0,1.0,0.0,1.0,0.0,2.0,0.0,230.0,0.0,0.0,0.0,2.0,0,159.44017722627984,1.0,0.0,0.0
9722.0,3609.0,6246.0,0.0,0.0,8000.0,0.0,0.0,1.0,1.0,0.0,5.0,True,9.0,0.0,26964.0,64.0,1.0,1.0,0.0,0.0,2.0,0.0,1.0,1.0,1.0,0.0,333.0,0.0,0.0,0.0,39.0,0,0.0,0.0,1.0,0.0
227.0,0.0,1675.0,1802.0,1.0,15000.0,0.0,0.0,0.0,0.0,0.0,1.0,True,7.0,1.0,37646.0,38.0,0.0,1.0,0.0,0.0,1.0,0.0,1.0,0.0,3.0,0.0,233.0,0.0,1.0,0.0,10.0,0,0.0,0.0,0.0,0.0
964.0,93.0,2016.0,0.0,0.0,0.0,0.0,0.0,0.0,0.0,0.0,3.0,True,4.0,0.0,46036.0,30.0,0.0,1.0,0.0,0.0,1.0,0.0,1.0,0.0,3.0,0.0,205.0,0.0,0.0,0.0,4.0,0,0.0,0.0,0.0,0.0
233.0,1.0,2088.0,0.0,0.0,3000.0,0.0,0.0,1.0,1.0,0.0,1.0,True,6.0,0.0,16799.0,32.0,1.0,0.0,0.0,0.0,1.0,0.0,0.0,0.0,3.0,0.0,15.0,0.0,0.0,0.0,15.0,1,0.0,0.0,0.0,0.0
836.0,810.5,1621.0,0.0,0.0,0.0,0.0,0.0,1.0,0.0,0.0,7.0,True,9.0,0.0,41596.0,22.0,1.0,1.0,0.0,0.0,0.0,0.0,1.0,0.0,2.0,0.0,3.0,0.0,0.0,0.0,4.0,0,0.0,1.0,0.0,0.0
227.0,0.0,1653.0,0.0,0.0,0.0,0.0,0.0,0.0,0.0,0.0,9.0,True,8.0,0.0,27488.0,23.0,0.0,0.0,0.0,0.0,1.0,0.0,1.0,0.0,2.0,0.0,9.0,0.0,0.0,0.0,4.0,1,0.0,1.0,0.0,0.0
227.0,0.0,1621.0,0.0,0.0,0.0,0.0,0.0,0.0,0.0,0.0,8.0,True,5.0,0.0,32155.0,54.0,1.0,1.0,0.0,0.0,1.0,1.0,0.0,0.0,2.0,0.0,94.0,0.0,0.0,0.0,3.0,0,0.0,0.0,0.0,0.0
13853.0,2386.0,7623.0,0.0,0.0,0.0,0.0,0.0,0.0,0.0,1.0,11.0,True,8.0,1.0,53732.0,55.0,1.0,1.0,1.0,0.0,3.0,0.0,1.0,1.0,2.0,0.0,375.0,0.0,0.0,0.0,4.0,1,1389.1733579691056,1.0,0.0,0.0
725.0,1087.0,2174.0,0.0,0.0,0.0,0.0,0.0,1.0,0.0,0.0,10.0,True,11.0,1.0,43039.0,46.0,0.0,1.0,0.0,0.0,1.0,0.0,1.0,0.0,2.0,0.0,410.0,0.0,0.0,0.0,1.0,0,0.0,0.0,0.0,0.0
2046.0,756.0,1674.0,0.0,0.0,0.0,0.0,1.0,0.0,0.0,0.0,6.0,True,0.0,0.0,32322.0,40.0,1.0,1.0,0.0,0.0,4.0,6.0,1.0,0.0,3.0,4.0,404.0,0.0,0.0,0.0,2.0,0,0.0,0.0,0.0,0.0
227.0,810.0,1620.0,0.0,0.0,0.0,0.0,0.0,0.0,1.0,0.0,10.0,True,5.0,0.0,34577.0,32.0,0.0,1.0,0.0,0.0,0.0,0.0,1.0,0.0,3.0,0.0,273.0,0.0,0.0,0.0,2.0,0,0.0,0.0,0.0,0.0
227.0,0.0,1620.0,0.0,0.0,0.0,0.0,0.0,0.0,0.0,0.0,1.0,True,2.0,0.0,41693.0,62.0,1.0,1.0,0.0,0.0,1.0,0.0,1.0,0.0,1.0,0.0,170.0,0.0,0.0,0.0,4.0,1,0.0,0.0,1.0,0.0
3725.0,41.0,4455.0,41.0,1.0,3500.0,0.0,1.0,1.0,0.0,0.0,3.0,True,2.0,1.0,33332.0,55.0,1.0,1.0,0.0,0.0,2.0,0.0,1.0,0.0,2.0,0.0,563.0,0.0,0.0,0.0,38.0,0,0.0,0.0,0.0,0.0
2301.0,96.0,5045.0,366.0,1.0,15000.0,1.0,0.0,1.0,1.0,0.0,5.0,True,11.0,1.0,37433.0,46.0,0.0,1.0,0.0,0.0,2.0,0.0,1.0,0.0,2.0,3.0,293.0,0.0,1.0,0.0,65.0,0,4498.751158381897,1.0,0.0,0.0
7437.0,364.0,9443.0,0.0,0.0,3000.0,0.0,0.0,0.0,0.0,0.0,6.0,False,8.0,0.0,30205.0,59.0,1.0,1.0,0.0,0.0,2.0,0.0,1.0,0.0,1.0,0.0,384.0,0.0,0.0,0.0,47.0,0,5971.577965646757,1.0,1.0,0.0
2280.0,1949.0,1949.0,0.0,0.0,0.0,0.0,0.0,0.0,0.0,0.0,11.0,False,9.0,0.0,27725.0,45.0,0.0,0.0,0.0,0.0,1.0,0.0,1.0,0.0,2.0,1.0,242.0,0.0,0.0,0.0,4.0,1,0.0,0.0,0.0,0.0
19858.0,378.0,26884.0,0.0,0.0,13000.0,1.0,1.0,1.0,1.0,0.0,4.0,True,12.0,1.0,35812.0,61.0,1.0,1.0,1.0,0.0,3.0,0.0,1.0,1.0,1.0,0.0,187.0,0.0,2.0,0.0,153.0,0,0.0,0.0,1.0,1.0
252.0,10.0,2339.0,0.0,0.0,0.0,0.0,0.0,1.0,1.0,0.0,2.0,True,7.0,0.0,29441.0,22.0,0.0,1.0,0.0,0.0,1.0,0.0,1.0,0.0,1.0,1.0,73.0,0.0,0.0,0.0,12.0,0,0.0,0.0,0.0,0.0
25432.0,5395.0,29577.0,0.0,0.0,2500.0,0.0,0.0,0.0,1.0,0.0,2.0,True,6.0,1.0,32519.0,72.0,0.0,1.0,0.0,0.0,3.0,0.0,1.0,0.0,1.0,0.0,386.0,0.0,0.0,0.0,16.0,1,0.0,0.0,0.0,0.0
472.0,102.0,1662.0,0.0,0.0,0.0,0.0,0.0,0.0,0.0,0.0,2.0,True,6.0,0.0,29786.0,53.0,1.0,1.0,0.0,0.0,1.0,0.0,1.0,0.0,2.0,0.0,242.0,0.0,0.0,0.0,4.0,1,0.0,0.0,0.0,0.0
265.0,0.0,1641.0,0.0,0.0,2500.0,0.0,0.0,1.0,1.0,0.0,8.0,False,6.0,0.0,30320.0,44.0,0.0,1.0,0.0,0.0,1.0,0.0,1.0,0.0,1.0,0.0,202.0,0.0,0.0,0.0,3.0,0,0.0,0.0,0.0,0.0
227.0,0.0,1656.0,619.0,1.0,10000.0,0.0,0.0,0.0,0.0,0.0,1.0,True,4.0,1.0,33238.0,37.0,1.0,1.0,0.0,0.0,1.0,0.0,1.0,0.0,3.0,3.0,384.0,0.0,0.0,0.0,45.0,1,0.0,0.0,0.0,0.0
227.0,0.0,1620.0,0.0,0.0,0.0,0.0,0.0,0.0,0.0,0.0,5.0,True,5.0,0.0,37632.0,61.0,0.0,1.0,0.0,0.0,0.0,0.0,1.0,0.0,1.0,0.0,273.0,0.0,0.0,0.0,4.0,1,0.0,0.0,0.0,0.0
707.0,163.0,4296.0,0.0,0.0,13000.0,0.0,0.0,0.0,0.0,0.0,2.0,False,6.0,0.0,33137.0,46.0,0.0,1.0,0.0,0.0,1.0,0.0,1.0,0.0,2.0,0.0,255.0,0.0,0.0,0.0,28.0,1,0.0,0.0,0.0,0.0
853.0,971.5,1943.0,0.0,0.0,0.0,0.0,0.0,1.0,1.0,0.0,2.0,True,3.0,1.0,31676.0,23.0,1.0,1.0,0.0,0.0,1.0,0.0,1.0,0.0,2.0,1.0,130.0,0.0,0.0,0.0,17.0,0,1061.987115055348,1.0,0.0,0.0
2070.0,17.0,3046.0,0.0,0.0,2500.0,0.0,1.0,1.0,0.0,0.0,4.0,False,7.0,0.0,31981.0,46.0,1.0,1.0,1.0,0.0,3.0,0.0,1.0,1.0,2.0,1.0,325.0,0.0,5.0,1682.0,157.0,1,0.0,0.0,0.0,0.0
422.0,32.0,1667.0,0.0,0.0,0.0,0.0,0.0,1.0,0.0,0.0,6.0,False,5.0,0.0,32937.0,50.0,1.0,1.0,0.0,0.0,1.0,0.0,1.0,0.0,1.0,0.0,255.0,0.0,0.0,0.0,30.0,1,0.0,0.0,0.0,0.0
231.0,0.0,3920.0,0.0,0.0,0.0,0.0,0.0,1.0,0.0,0.0,1.0,True,9.0,0.0,32339.0,24.0,1.0,0.0,0.0,0.0,1.0,0.0,0.0,0.0,2.0,0.0,4.0,0.0,0.0,0.0,5.0,1,0.0,0.0,0.0,0.0
238.0,821.5,1643.0,0.0,0.0,0.0,0.0,0.0,0.0,0.0,0.0,8.0,True,6.0,0.0,32155.0,31.0,0.0,1.0,0.0,0.0,1.0,0.0,0.0,0.0,2.0,0.0,224.0,0.0,0.0,0.0,2.0,1,0.0,0.0,0.0,0.0
11586.0,843.0,17769.0,1933.0,1.0,0.0,0.0,0.0,0.0,0.0,0.0,1.0,True,6.0,1.0,33064.0,53.0,1.0,1.0,0.0,0.0,3.0,4.0,1.0,0.0,2.0,0.0,671.0,0.0,0.0,0.0,90.0,0,2380.916259058952,1.0,0.0,1.0
958.0,0.0,2229.0,0.0,0.0,0.0,0.0,0.0,0.0,1.0,0.0,10.0,True,6.0,0.0,33065.0,62.0,0.0,1.0,0.0,0.0,3.0,0.0,1.0,0.0,2.0,0.0,350.0,0.0,0.0,0.0,29.0,0,3612.0908087321377,1.0,1.0,0.0
3392.0,2447.0,2447.0,0.0,0.0,15000.0,0.0,0.0,0.0,0.0,0.0,2.0,True,8.0,0.0,47363.0,66.0,0.0,1.0,0.0,0.0,2.0,0.0,1.0,0.0,1.0,0.0,324.0,0.0,0.0,0.0,16.0,0,0.0,0.0,1.0,0.0
823.0,204.0,1789.0,0.0,0.0,3500.0,0.0,0.0,0.0,1.0,0.0,1.0,True,7.0,0.0,26338.0,62.0,0.0,1.0,0.0,0.0,2.0,0.0,1.0,0.0,1.0,0.0,413.0,0.0,0.0,0.0,26.0,0,0.0,0.0,1.0,0.0
4783.0,826.0,3863.0,0.0,0.0,0.0,0.0,0.0,0.0,0.0,0.0,10.0,False,8.0,0.0,31264.0,76.0,1.0,1.0,0.0,0.0,2.0,0.0,1.0,0.0,1.0,0.0,539.0,0.0,0.0,0.0,25.0,1,0.0,0.0,0.0,0.0
227.0,0.0,1620.0,0.0,0.0,0.0,0.0,0.0,0.0,0.0,0.0,6.0,True,1.0,0.0,29063.0,31.0,0.0,1.0,0.0,0.0,1.0,0.0,0.0,0.0,2.0,0.0,133.0,0.0,0.0,0.0,4.0,1,0.0,0.0,0.0,0.0
227.0,0.0,1621.0,0.0,0.0,0.0,0.0,0.0,0.0,0.0,0.0,4.0,True,8.0,0.0,39153.0,54.0,1.0,1.0,0.0,0.0,1.0,0.0,1.0,0.0,1.0,0.0,305.0,0.0,0.0,0.0,2.0,0,0.0,0.0,0.0,0.0
245.0,810.5,1621.0,0.0,0.0,0.0,0.0,0.0,0.0,0.0,0.0,7.0,True,0.0,0.0,43647.0,54.0,0.0,1.0,0.0,0.0,1.0,0.0,1.0,0.0,1.0,0.0,4.0,0.0,0.0,0.0,4.0,1,0.0,0.0,0.0,0.0
243.0,825.5,1651.0,0.0,0.0,750.0,0.0,0.0,1.0,0.0,0.0,9.0,True,8.0,0.0,49524.0,18.0,0.0,1.0,0.0,0.0,1.0,0.0,1.0,0.0,1.0,0.0,242.0,0.0,0.0,0.0,4.0,0,0.0,0.0,0.0,0.0
1119.0,3.0,22739.0,1221.0,3.0,0.0,0.0,0.0,0.0,0.0,0.0,5.0,True,2.0,0.0,36233.0,40.0,1.0,1.0,0.0,0.0,1.0,4.0,1.0,0.0,3.0,2.0,551.0,0.0,0.0,0.0,21.0,0,0.0,0.0,0.0,0.0
4315.0,1045.0,3671.0,0.0,0.0,3000.0,0.0,0.0,0.0,0.0,0.0,6.0,True,9.0,1.0,54579.0,50.0,1.0,1.0,0.0,0.0,3.0,0.0,1.0,1.0,3.0,0.0,399.0,0.0,0.0,0.0,83.0,1,0.0,0.0,0.0,0.0
239.0,5.0,5476.0,595.0,1.0,0.0,0.0,0.0,1.0,0.0,0.0,6.0,True,6.0,0.0,30430.0,42.0,0.0,1.0,0.0,0.0,1.0,0.0,1.0,1.0,2.0,2.0,131.0,0.0,1.0,0.0,4.0,1,0.0,0.0,0.0,0.0
332.0,1.0,1634.0,0.0,0.0,750.0,0.0,0.0,1.0,0.0,0.0,4.0,True,0.0,0.0,35291.0,20.0,0.0,1.0,0.0,0.0,1.0,0.0,1.0,0.0,1.0,0.0,264.0,0.0,0.0,0.0,4.0,0,0.0,0.0,0.0,0.0
813.0,2386.5,4773.0,514.0,2.0,5000.0,0.0,0.0,1.0,0.0,0.0,6.0,True,7.0,1.0,33592.0,37.0,1.0,1.0,0.0,0.0,1.0,0.0,1.0,1.0,3.0,2.0,518.0,0.0,0.0,0.0,120.0,1,1274.8705496526231,1.0,0.0,0.0
227.0,0.0,2183.0,1967.0,4.0,15000.0,0.0,0.0,1.0,0.0,0.0,8.0,True,5.0,1.0,32328.0,37.0,1.0,1.0,0.0,0.0,1.0,0.0,1.0,1.0,3.0,0.0,326.0,0.0,0.0,0.0,240.0,0,0.0,0.0,0.0,0.0
227.0,0.0,1620.0,0.0,0.0,0.0,0.0,0.0,0.0,1.0,0.0,5.0,True,9.0,0.0,33628.0,37.0,0.0,1.0,0.0,0.0,1.0,0.0,1.0,0.0,2.0,1.0,473.0,0.0,0.0,0.0,2.0,1,0.0,0.0,0.0,0.0
227.0,810.0,1620.0,0.0,0.0,0.0,0.0,0.0,0.0,1.0,0.0,8.0,True,4.0,1.0,24959.0,48.0,0.0,1.0,1.0,0.0,0.0,0.0,1.0,0.0,3.0,0.0,273.0,0.0,1.0,2472.0,3.0,1,0.0,0.0,0.0,0.0
3709.0,1438.0,3100.0,155.0,3.0,2500.0,0.0,0.0,0.0,1.0,0.0,4.0,True,9.0,1.0,27693.0,38.0,1.0,0.0,0.0,0.0,3.0,0.0,1.0,1.0,3.0,4.0,287.0,0.0,0.0,0.0,66.0,1,0.0,0.0,0.0,0.0
227.0,0.0,1620.0,0.0,0.0,0.0,0.0,0.0,0.0,1.0,0.0,2.0,False,1.0,0.0,37198.0,67.0,0.0,1.0,0.0,0.0,0.0,0.0,1.0,0.0,1.0,0.0,273.0,0.0,0.0,0.0,4.0,1,0.0,0.0,0.0,0.0
5886.0,122.0,14047.0,0.0,0.0,6000.0,0.0,1.0,0.0,0.0,0.0,4.0,False,7.0,0.0,45054.0,75.0,0.0,1.0,0.0,0.0,2.0,0.0,1.0,0.0,1.0,0.0,350.0,0.0,0.0,0.0,64.0,1,0.0,0.0,0.0,0.0
10215.0,2750.0,2750.0,0.0,0.0,0.0,0.0,0.0,0.0,0.0,0.0,10.0,True,4.0,0.0,49709.0,63.0,1.0,1.0,0.0,0.0,2.0,0.0,1.0,0.0,1.0,0.0,286.0,0.0,0.0,0.0,4.0,0,0.0,0.0,0.0,0.0
1027.0,0.0,2330.0,0.0,0.0,4000.0,0.0,0.0,1.0,1.0,0.0,7.0,True,9.0,1.0,38755.0,34.0,1.0,1.0,0.0,0.0,1.0,0.0,1.0,1.0,3.0,0.0,185.0,1.0,0.0,0.0,4.0,1,3706.0297766293806,1.0,0.0,0.0
810.0,191.0,1734.0,0.0,0.0,0.0,0.0,0.0,1.0,1.0,0.0,9.0,True,2.0,0.0,26338.0,21.0,0.0,1.0,0.0,0.0,1.0,0.0,1.0,0.0,1.0,0.0,242.0,0.0,0.0,0.0,10.0,0,0.0,0.0,0.0,0.0
268.0,0.0,2133.0,1769.0,2.0,5500.0,0.0,0.0,1.0,0.0,0.0,5.0,True,0.0,1.0,32155.0,31.0,0.0,1.0,0.0,0.0,1.0,0.0,1.0,0.0,2.0,2.0,422.0,0.0,0.0,0.0,28.0,1,0.0,0.0,0.0,0.0
715.0,118.0,2090.0,0.0,0.0,3000.0,0.0,0.0,1.0,0.0,0.0,2.0,False,1.0,0.0,28003.0,46.0,1.0,0.0,0.0,0.0,1.0,0.0,1.0,0.0,2.0,0.0,324.0,0.0,0.0,0.0,25.0,1,1019.2685433818104,1.0,0.0,0.0
17146.0,9463.0,9463.0,0.0,0.0,6000.0,0.0,0.0,0.0,0.0,0.0,6.0,True,1.0,1.0,30100.0,66.0,0.0,1.0,0.0,0.0,3.0,0.0,1.0,0.0,1.0,0.0,599.0,0.0,0.0,0.0,44.0,0,0.0,0.0,1.0,0.0
227.0,810.0,1620.0,0.0,0.0,0.0,0.0,0.0,0.0,1.0,0.0,6.0,True,8.0,0.0,28936.0,65.0,1.0,1.0,1.0,0.0,0.0,0.0,1.0,0.0,1.0,0.0,273.0,0.0,1.0,0.0,4.0,0,0.0,0.0,1.0,0.0
227.0,0.0,1620.0,0.0,0.0,0.0,0.0,0.0,0.0,0.0,0.0,3.0,True,5.0,0.0,29858.0,49.0,0.0,1.0,0.0,0.0,0.0,0.0,1.0,0.0,2.0,0.0,273.0,0.0,0.0,0.0,4.0,0,0.0,0.0,0.0,0.0
2091.0,773.0,7027.0,1687.0,1.0,15000.0,1.0,0.0,1.0,0.0,0.0,8.0,True,1.0,1.0,33748.0,23.0,0.0,1.0,0.0,0.0,1.0,0.0,1.0,1.0,3.0,0.0,304.0,0.0,1.0,0.0,55.0,0,0.0,0.0,0.0,0.0
270.0,16.0,1670.0,0.0,0.0,750.0,0.0,0.0,1.0,0.0,0.0,9.0,True,4.0,0.0,15914.0,17.0,1.0,0.0,0.0,0.0,1.0,0.0,1.0,0.0,1.0,0.0,157.0,0.0,0.0,0.0,9.0,0,0.0,0.0,0.0,0.0
227.0,810.0,1620.0,0.0,0.0,0.0,0.0,0.0,0.0,0.0,0.0,10.0,True,4.0,0.0,36034.0,67.0,0.0,1.0,0.0,0.0,0.0,0.0,1.0,0.0,1.0,0.0,273.0,0.0,0.0,0.0,4.0,1,0.0,0.0,0.0,0.0
227.0,0.0,1620.0,0.0,0.0,0.0,0.0,0.0,0.0,0.0,0.0,1.0,True,0.0,0.0,34003.0,48.0,1.0,1.0,0.0,0.0,1.0,0.0,1.0,0.0,2.0,0.0,39.0,0.0,0.0,0.0,4.0,1,0.0,0.0,0.0,0.0
2067.0,311.0,2051.0,0.0,0.0,0.0,0.0,0.0,0.0,1.0,0.0,7.0,False,9.0,0.0,41529.0,71.0,0.0,0.0,0.0,0.0,1.0,0.0,1.0,0.0,1.0,0.0,278.0,0.0,0.0,0.0,4.0,1,0.0,0.0,1.0,0.0
1327.0,460.0,1844.0,0.0,0.0,1500.0,0.0,0.0,0.0,0.0,0.0,1.0,True,9.0,0.0,32481.0,43.0,1.0,1.0,0.0,0.0,1.0,0.0,1.0,0.0,3.0,4.0,166.0,0.0,0.0,0.0,20.0,1,0.0,0.0,0.0,0.0
227.0,0.0,1635.0,0.0,0.0,0.0,0.0,0.0,1.0,0.0,0.0,4.0,True,4.0,0.0,27067.0,25.0,1.0,1.0,0.0,0.0,1.0,0.0,1.0,0.0,1.0,1.0,83.0,0.0,0.0,0.0,4.0,0,0.0,0.0,0.0,0.0
875.0,233.0,1664.0,0.0,1.0,11000.0,0.0,0.0,0.0,0.0,0.0,1.0,True,2.0,1.0,27536.0,25.0,0.0,1.0,0.0,0.0,1.0,1.0,1.0,0.0,3.0,3.0,376.0,0.0,0.0,0.0,75.0,1,0.0,0.0,0.0,0.0
3587.0,2449.5,4899.0,0.0,0.0,13000.0,0.0,1.0,1.0,1.0,0.0,9.0,True,2.0,1.0,30170.0,57.0,1.0,1.0,1.0,0.0,2.0,0.0,1.0,1.0,3.0,0.0,487.0,0.0,1.0,9560.0,162.0,0,0.0,0.0,0.0,0.0
227.0,810.0,1620.0,0.0,0.0,0.0,0.0,0.0,0.0,1.0,0.0,4.0,True,2.0,0.0,25186.0,53.0,1.0,1.0,0.0,0.0,1.0,0.0,0.0,0.0,2.0,0.0,7.0,0.0,0.0,0.0,4.0,0,0.0,0.0,0.0,0.0
230.0,0.0,2124.0,0.0,0.0,0.0,0.0,0.0,0.0,0.0,0.0,11.0,True,1.0,0.0,32155.0,44.0,0.0,1.0,0.0,0.0,1.0,0.0,0.0,1.0,2.0,0.0,190.0,0.0,0.0,0.0,1.0,0,0.0,0.0,0.0,0.0
495.0,112.0,1666.0,0.0,0.0,0.0,0.0,0.0,0.0,1.0,0.0,5.0,True,4.0,0.0,21351.0,68.0,0.0,1.0,0.0,0.0,2.0,0.0,1.0,0.0,1.0,0.0,324.0,0.0,0.0,0.0,4.0,1,0.0,0.0,0.0,0.0
861.0,0.0,2426.0,0.0,0.0,0.0,0.0,1.0,0.0,1.0,0.0,9.0,True,2.0,0.0,35590.0,53.0,1.0,1.0,0.0,0.0,1.0,0.0,1.0,0.0,2.0,0.0,103.0,0.0,0.0,0.0,3.0,1,0.0,0.0,0.0,1.0
672.0,0.0,1885.0,19.0,1.0,2500.0,0.0,0.0,1.0,0.0,0.0,8.0,False,7.0,1.0,30989.0,43.0,1.0,1.0,0.0,0.0,1.0,0.0,1.0,0.0,2.0,2.0,368.0,0.0,1.0,393.0,21.0,1,0.0,0.0,0.0,0.0
7143.0,2150.0,3905.0,0.0,0.0,4000.0,0.0,0.0,0.0,0.0,0.0,4.0,False,0.0,1.0,27339.0,63.0,1.0,1.0,0.0,0.0,2.0,0.0,1.0,0.0,1.0,0.0,384.0,0.0,0.0,0.0,71.0,1,4174.940871759715,1.0,0.0,0.0
949.0,230.0,2010.0,0.0,0.0,3000.0,0.0,0.0,1.0,0.0,0.0,8.0,True,9.0,0.0,34813.0,35.0,1.0,1.0,0.0,0.0,1.0,0.0,1.0,1.0,2.0,0.0,151.0,0.0,0.0,0.0,14.0,0,590.2878719003485,1.0,0.0,0.0
227.0,0.0,1620.0,0.0,1.0,14000.0,0.0,0.0,1.0,1.0,0.0,3.0,True,15.0,0.0,32361.0,51.0,1.0,1.0,0.0,0.0,1.0,0.0,1.0,1.0,3.0,0.0,351.0,0.0,0.0,0.0,4.0,1,0.0,0.0,0.0,0.0
227.0,0.0,1620.0,0.0,0.0,2500.0,0.0,0.0,0.0,1.0,0.0,4.0,True,4.0,0.0,51328.0,36.0,1.0,1.0,0.0,0.0,1.0,0.0,1.0,0.0,2.0,0.0,128.0,0.0,0.0,0.0,20.0,1,0.0,0.0,0.0,0.0
7779.0,3087.0,3589.0,0.0,0.0,11000.0,0.0,0.0,0.0,0.0,0.0,8.0,True,6.0,0.0,29693.0,45.0,0.0,0.0,0.0,0.0,2.0,1.0,1.0,0.0,3.0,1.0,357.0,1.0,3.0,0.0,22.0,0,0.0,0.0,0.0,0.0
505.0,92.0,1665.0,0.0,0.0,0.0,0.0,0.0,0.0,0.0,0.0,2.0,True,0.0,0.0,36511.0,53.0,0.0,1.0,0.0,0.0,1.0,0.0,1.0,0.0,3.0,0.0,611.0,0.0,0.0,0.0,1.0,1,0.0,0.0,0.0,0.0
1197.0,126.0,5754.0,0.0,0.0,0.0,0.0,0.0,1.0,0.0,0.0,9.0,False,6.0,1.0,35141.0,50.0,1.0,1.0,0.0,0.0,1.0,1.0,1.0,0.0,2.0,0.0,472.0,0.0,2.0,0.0,163.0,1,0.0,0.0,0.0,0.0
237.0,890.5,1781.0,0.0,0.0,4500.0,0.0,0.0,1.0,0.0,0.0,7.0,True,0.0,0.0,34043.0,25.0,1.0,1.0,0.0,0.0,4.0,6.0,1.0,0.0,3.0,0.0,326.0,0.0,0.0,0.0,32.0,0,0.0,0.0,0.0,0.0
227.0,0.0,1620.0,0.0,0.0,0.0,0.0,0.0,0.0,0.0,0.0,2.0,False,6.0,0.0,35978.0,57.0,0.0,1.0,0.0,0.0,1.0,0.0,1.0,0.0,2.0,0.0,98.0,0.0,0.0,0.0,4.0,0,0.0,0.0,0.0,0.0
229.0,0.0,2690.0,0.0,0.0,12500.0,0.0,0.0,1.0,0.0,0.0,4.0,True,20.0,0.0,29469.0,36.0,1.0,1.0,0.0,0.0,1.0,0.0,1.0,0.0,3.0,1.0,189.0,0.0,0.0,0.0,53.0,1,0.0,0.0,0.0,0.0
375.0,62.0,1676.0,0.0,0.0,750.0,0.0,0.0,1.0,1.0,0.0,7.0,True,9.0,0.0,29202.0,20.0,0.0,1.0,0.0,0.0,1.0,0.0,1.0,0.0,1.0,0.0,154.0,0.0,0.0,0.0,3.0,0,0.0,0.0,0.0,0.0
3578.0,1408.0,2164.0,0.0,0.0,0.0,0.0,0.0,0.0,0.0,0.0,10.0,True,5.0,1.0,26684.0,40.0,0.0,1.0,0.0,0.0,2.0,0.0,1.0,0.0,3.0,0.0,590.0,0.0,0.0,0.0,4.0,1,0.0,0.0,0.0,0.0
4294.0,618.0,5440.0,703.0,1.0,15000.0,0.0,0.0,1.0,0.0,0.0,2.0,True,2.0,1.0,34906.0,53.0,1.0,1.0,1.0,0.0,2.0,0.0,1.0,1.0,3.0,0.0,563.0,0.0,1.0,0.0,118.0,0,0.0,0.0,0.0,0.0
302.0,30.0,1632.0,0.0,0.0,0.0,0.0,0.0,1.0,0.0,0.0,5.0,True,5.0,0.0,34801.0,16.0,0.0,1.0,0.0,0.0,1.0,0.0,1.0,0.0,3.0,2.0,262.0,0.0,0.0,0.0,45.0,0,0.0,0.0,0.0,0.0
319.0,34.0,1639.0,0.0,0.0,0.0,0.0,0.0,0.0,0.0,0.0,5.0,True,9.0,0.0,28543.0,59.0,0.0,1.0,0.0,0.0,1.0,0.0,1.0,0.0,1.0,0.0,671.0,0.0,0.0,0.0,3.0,0,0.0,0.0,1.0,0.0
369.0,11.0,1954.0,0.0,0.0,3500.0,0.0,0.0,0.0,1.0,0.0,8.0,True,13.0,0.0,24657.0,51.0,1.0,1.0,0.0,0.0,1.0,1.0,1.0,1.0,2.0,0.0,350.0,0.0,0.0,0.0,108.0,0,0.0,0.0,0.0,0.0
1103.0,2367.5,4735.0,713.0,1.0,4000.0,0.0,0.0,1.0,1.0,0.0,5.0,True,8.0,1.0,25499.0,29.0,1.0,1.0,0.0,0.0,1.0,0.0,1.0,0.0,2.0,0.0,386.0,0.0,0.0,0.0,43.0,0,394.7932021644915,1.0,0.0,0.0
3781.0,2810.0,2810.0,0.0,0.0,10000.0,0.0,0.0,0.0,1.0,0.0,6.0,False,5.0,0.0,33853.0,44.0,1.0,1.0,0.0,0.0,2.0,0.0,1.0,0.0,2.0,1.0,345.0,0.0,1.0,0.0,41.0,0,581.5270513705057,1.0,0.0,0.0
250.0,0.0,1635.0,0.0,0.0,0.0,0.0,0.0,0.0,1.0,0.0,10.0,False,5.0,0.0,23566.0,63.0,1.0,0.0,0.0,0.0,1.0,0.0,1.0,0.0,1.0,0.0,98.0,0.0,0.0,0.0,4.0,0,0.0,0.0,1.0,0.0
227.0,0.0,1621.0,0.0,0.0,0.0,0.0,0.0,0.0,0.0,0.0,3.0,True,6.0,0.0,34799.0,41.0,0.0,1.0,0.0,0.0,3.0,0.0,1.0,0.0,3.0,1.0,329.0,0.0,0.0,0.0,12.0,1,0.0,0.0,0.0,0.0
507.0,86.0,2148.0,0.0,0.0,0.0,0.0,0.0,0.0,0.0,0.0,5.0,True,6.0,0.0,30472.0,57.0,0.0,1.0,0.0,0.0,1.0,0.0,1.0,1.0,1.0,0.0,308.0,0.0,0.0,0.0,2.0,0,0.0,0.0,0.0,0.0
26728.0,191.0,20800.0,0.0,0.0,0.0,0.0,1.0,0.0,0.0,0.0,5.0,True,8.0,0.0,37959.0,49.0,1.0,1.0,0.0,0.0,3.0,1.0,1.0,1.0,3.0,3.0,264.0,0.0,0.0,0.0,4.0,0,0.0,0.0,0.0,1.0
10461.0,976.0,17385.0,0.0,0.0,6000.0,0.0,1.0,1.0,0.0,0.0,1.0,False,4.0,0.0,33832.0,65.0,0.0,1.0,0.0,0.0,2.0,0.0,1.0,0.0,1.0,0.0,359.0,0.0,0.0,0.0,33.0,0,0.0,0.0,1.0,0.0
512.0,810.0,1620.0,0.0,0.0,0.0,0.0,0.0,1.0,0.0,0.0,6.0,True,9.0,0.0,30433.0,21.0,1.0,1.0,0.0,0.0,0.0,0.0,1.0,0.0,2.0,0.0,1.0,0.0,0.0,0.0,3.0,0,0.0,0.0,0.0,0.0
24044.0,31.0,34985.0,367.0,3.0,7000.0,0.0,1.0,0.0,1.0,0.0,3.0,True,6.0,1.0,26632.0,49.0,1.0,1.0,0.0,1.0,3.0,0.0,1.0,1.0,3.0,0.0,360.0,0.0,3.0,0.0,13.0,0,9723.472552067977,1.0,0.0,1.0
227.0,810.0,1620.0,0.0,0.0,0.0,0.0,0.0,0.0,1.0,0.0,5.0,True,1.0,0.0,35153.0,20.0,0.0,0.0,0.0,0.0,1.0,0.0,0.0,0.0,1.0,0.0,173.0,0.0,0.0,0.0,4.0,1,0.0,0.0,0.0,0.0
3045.0,199.0,6883.0,0.0,0.0,0.0,0.0,0.0,0.0,0.0,0.0,7.0,True,4.0,1.0,33264.0,52.0,1.0,1.0,0.0,0.0,3.0,2.0,1.0,0.0,3.0,0.0,389.0,0.0,0.0,0.0,274.0,1,0.0,0.0,0.0,1.0
519.0,40.0,1652.0,0.0,0.0,0.0,0.0,0.0,0.0,1.0,0.0,8.0,True,6.0,1.0,32155.0,51.0,1.0,1.0,0.0,0.0,1.0,0.0,1.0,0.0,3.0,1.0,340.0,0.0,0.0,0.0,4.0,1,0.0,0.0,0.0,0.0
2929.0,14.0,4689.0,0.0,0.0,0.0,0.0,0.0,0.0,1.0,0.0,6.0,False,5.0,0.0,32838.0,51.0,0.0,1.0,0.0,0.0,2.0,0.0,1.0,0.0,2.0,0.0,243.0,0.0,0.0,0.0,4.0,1,0.0,0.0,0.0,0.0
263.0,15.0,3575.0,0.0,0.0,0.0,0.0,0.0,0.0,0.0,0.0,10.0,False,7.0,0.0,23375.0,56.0,0.0,1.0,0.0,0.0,1.0,0.0,1.0,0.0,1.0,0.0,254.0,0.0,0.0,0.0,4.0,1,0.0,0.0,1.0,0.0
227.0,0.0,1620.0,0.0,0.0,0.0,0.0,0.0,0.0,1.0,0.0,6.0,True,3.0,0.0,35368.0,41.0,0.0,1.0,0.0,0.0,0.0,0.0,1.0,0.0,2.0,0.0,273.0,0.0,0.0,0.0,3.0,0,0.0,0.0,0.0,0.0
356.0,844.0,1688.0,0.0,0.0,0.0,0.0,0.0,0.0,0.0,0.0,7.0,True,0.0,0.0,29463.0,36.0,0.0,1.0,0.0,0.0,1.0,0.0,1.0,0.0,3.0,0.0,484.0,0.0,0.0,0.0,2.0,1,0.0,0.0,0.0,0.0
1378.0,24.0,2005.0,0.0,0.0,0.0,0.0,0.0,0.0,0.0,0.0,3.0,True,9.0,0.0,42235.0,21.0,1.0,1.0,0.0,0.0,1.0,0.0,1.0,0.0,1.0,0.0,180.0,0.0,0.0,0.0,4.0,0,722.6978774044754,1.0,0.0,0.0
227.0,0.0,1620.0,0.0,0.0,0.0,0.0,0.0,0.0,0.0,0.0,2.0,True,1.0,0.0,40206.0,33.0,0.0,1.0,0.0,0.0,1.0,0.0,1.0,0.0,3.0,2.0,288.0,0.0,0.0,0.0,4.0,1,0.0,0.0,0.0,0.0
227.0,0.0,1620.0,0.0,0.0,4000.0,0.0,0.0,0.0,1.0,0.0,9.0,True,4.0,0.0,32480.0,46.0,0.0,1.0,0.0,0.0,1.0,0.0,1.0,0.0,3.0,0.0,350.0,0.0,0.0,0.0,63.0,1,0.0,0.0,0.0,0.0
227.0,810.0,1620.0,0.0,0.0,0.0,0.0,0.0,0.0,0.0,0.0,2.0,True,8.0,0.0,34643.0,42.0,0.0,1.0,0.0,0.0,1.0,0.0,1.0,0.0,3.0,1.0,191.0,0.0,0.0,0.0,25.0,0,0.0,0.0,0.0,0.0
407.0,0.0,2043.0,0.0,0.0,0.0,0.0,0.0,0.0,0.0,0.0,10.0,False,2.0,1.0,28716.0,46.0,0.0,1.0,0.0,0.0,1.0,0.0,1.0,0.0,2.0,0.0,273.0,0.0,2.0,0.0,4.0,1,0.0,0.0,0.0,0.0
647.0,84.0,1876.0,0.0,0.0,4000.0,0.0,0.0,1.0,1.0,0.0,5.0,True,1.0,0.0,25703.0,26.0,0.0,0.0,0.0,0.0,1.0,1.0,1.0,0.0,2.0,1.0,59.0,0.0,0.0,0.0,58.0,1,945.54927901077,1.0,0.0,0.0
14701.0,0.0,9258.0,2647.0,2.0,9000.0,0.0,0.0,0.0,1.0,0.0,3.0,True,13.0,0.0,45210.0,57.0,0.0,1.0,0.0,0.0,2.0,1.0,1.0,1.0,3.0,0.0,326.0,0.0,0.0,0.0,9.0,0,0.0,0.0,0.0,0.0
9160.0,5113.5,10227.0,0.0,0.0,10000.0,0.0,1.0,0.0,0.0,0.0,6.0,True,5.0,1.0,36412.0,68.0,0.0,1.0,0.0,0.0,2.0,0.0,1.0,0.0,1.0,0.0,372.0,0.0,0.0,0.0,185.0,0,0.0,0.0,1.0,1.0
231.0,0.0,1622.0,0.0,0.0,0.0,0.0,0.0,0.0,0.0,0.0,5.0,True,2.0,1.0,28717.0,28.0,0.0,1.0,0.0,0.0,1.0,0.0,1.0,0.0,1.0,0.0,273.0,0.0,0.0,0.0,2.0,0,0.0,0.0,0.0,0.0
453.0,93.0,1828.0,0.0,0.0,4000.0,0.0,0.0,0.0,0.0,0.0,12.0,False,4.0,0.0,34857.0,66.0,1.0,1.0,1.0,0.0,3.0,0.0,1.0,1.0,1.0,0.0,407.0,0.0,0.0,0.0,5.0,1,0.0,0.0,0.0,0.0
268.0,12.0,1655.0,0.0,0.0,1500.0,0.0,0.0,1.0,1.0,0.0,4.0,True,5.0,0.0,36761.0,24.0,0.0,1.0,0.0,0.0,1.0,0.0,1.0,0.0,3.0,2.0,109.0,0.0,0.0,0.0,3.0,1,0.0,0.0,0.0,0.0
227.0,810.0,1620.0,0.0,0.0,0.0,0.0,0.0,0.0,0.0,0.0,6.0,False,4.0,0.0,31442.0,44.0,0.0,1.0,0.0,0.0,1.0,0.0,0.0,0.0,2.0,0.0,94.0,0.0,0.0,0.0,2.0,0,0.0,0.0,0.0,0.0
432.0,0.0,2038.0,69.0,1.0,6000.0,0.0,0.0,1.0,0.0,0.0,4.0,True,5.0,1.0,30126.0,52.0,1.0,1.0,0.0,0.0,1.0,0.0,1.0,1.0,3.0,0.0,297.0,0.0,0.0,0.0,72.0,1,731.4947321575773,1.0,0.0,0.0
1824.0,0.0,2794.0,0.0,0.0,0.0,0.0,0.0,0.0,0.0,0.0,6.0,True,2.0,1.0,27357.0,52.0,0.0,1.0,0.0,0.0,1.0,0.0,1.0,0.0,2.0,0.0,383.0,0.0,0.0,0.0,4.0,0,5620.507789129148,1.0,0.0,0.0
227.0,0.0,1620.0,0.0,0.0,0.0,0.0,0.0,0.0,0.0,0.0,4.0,True,3.0,0.0,29642.0,38.0,0.0,1.0,0.0,0.0,1.0,0.0,1.0,0.0,2.0,0.0,212.0,0.0,0.0,0.0,25.0,1,0.0,0.0,0.0,0.0
507.0,0.0,1840.0,0.0,0.0,0.0,0.0,0.0,1.0,0.0,0.0,7.0,True,5.0,0.0,32155.0,26.0,1.0,1.0,0.0,0.0,1.0,0.0,1.0,0.0,2.0,0.0,354.0,0.0,0.0,0.0,3.0,1,452.8308230010087,1.0,0.0,0.0
4268.0,2420.0,2420.0,0.0,0.0,5000.0,0.0,0.0,1.0,0.0,0.0,7.0,False,4.0,0.0,27091.0,48.0,0.0,1.0,0.0,0.0,2.0,0.0,1.0,0.0,2.0,0.0,384.0,0.0,0.0,0.0,4.0,1,1495.12748718427,1.0,0.0,0.0
301.0,0.0,3835.0,0.0,0.0,1500.0,0.0,0.0,1.0,0.0,0.0,8.0,True,5.0,0.0,25001.0,26.0,0.0,1.0,0.0,0.0,1.0,0.0,1.0,0.0,2.0,0.0,116.0,0.0,0.0,0.0,11.0,1,0.0,0.0,0.0,0.0
227.0,0.0,1620.0,0.0,0.0,0.0,0.0,0.0,0.0,1.0,0.0,6.0,True,3.0,0.0,27256.0,61.0,0.0,1.0,0.0,0.0,1.0,0.0,1.0,0.0,1.0,0.0,87.0,0.0,0.0,0.0,4.0,1,0.0,0.0,0.0,0.0
1831.0,642.0,2140.0,0.0,0.0,3500.0,0.0,0.0,1.0,0.0,0.0,3.0,True,11.0,1.0,27407.0,61.0,1.0,1.0,0.0,0.0,1.0,0.0,1.0,1.0,1.0,0.0,112.0,0.0,0.0,0.0,84.0,0,0.0,0.0,1.0,0.0
991.0,0.0,2143.0,0.0,0.0,0.0,0.0,0.0,0.0,0.0,0.0,5.0,True,3.0,1.0,31864.0,32.0,1.0,1.0,0.0,0.0,1.0,0.0,1.0,0.0,2.0,0.0,435.0,0.0,0.0,0.0,3.0,0,0.0,0.0,0.0,0.0
227.0,0.0,1620.0,0.0,0.0,0.0,0.0,0.0,0.0,0.0,0.0,5.0,True,4.0,0.0,32155.0,20.0,0.0,1.0,0.0,0.0,1.0,0.0,1.0,0.0,1.0,0.0,205.0,0.0,0.0,0.0,4.0,0,0.0,0.0,0.0,0.0
1386.0,154.0,6204.0,935.0,1.0,10000.0,0.0,0.0,1.0,0.0,0.0,6.0,True,16.0,1.0,28673.0,34.0,1.0,0.0,0.0,0.0,1.0,0.0,1.0,1.0,2.0,0.0,284.0,0.0,0.0,0.0,70.0,0,3006.0064342106275,1.0,0.0,0.0
6287.0,1179.0,4445.0,0.0,0.0,2500.0,0.0,0.0,0.0,1.0,0.0,5.0,False,8.0,0.0,32114.0,73.0,1.0,1.0,0.0,0.0,2.0,0.0,1.0,0.0,1.0,0.0,384.0,0.0,0.0,0.0,51.0,0,0.0,0.0,1.0,0.0
341.0,48.0,1642.0,0.0,0.0,0.0,0.0,0.0,0.0,0.0,0.0,4.0,True,6.0,0.0,40900.0,33.0,0.0,1.0,0.0,0.0,1.0,0.0,1.0,0.0,3.0,2.0,278.0,0.0,0.0,0.0,4.0,1,0.0,0.0,0.0,0.0
2468.0,23.0,4035.0,0.0,0.0,1500.0,0.0,0.0,0.0,0.0,0.0,7.0,False,2.0,1.0,27347.0,68.0,1.0,1.0,0.0,0.0,2.0,0.0,1.0,0.0,1.0,0.0,386.0,0.0,2.0,0.0,50.0,0,0.0,0.0,1.0,0.0
245.0,2336.5,4673.0,0.0,0.0,2500.0,0.0,0.0,1.0,0.0,0.0,4.0,False,8.0,0.0,20488.0,46.0,0.0,0.0,0.0,0.0,1.0,0.0,1.0,1.0,2.0,0.0,154.0,0.0,1.0,0.0,25.0,0,0.0,1.0,0.0,0.0
233.0,815.5,1631.0,0.0,0.0,0.0,0.0,0.0,1.0,1.0,0.0,1.0,True,9.0,0.0,37387.0,23.0,0.0,1.0,0.0,0.0,1.0,1.0,1.0,0.0,2.0,0.0,40.0,0.0,0.0,0.0,4.0,1,0.0,0.0,0.0,0.0
1761.0,0.0,2030.0,0.0,0.0,0.0,0.0,0.0,0.0,0.0,0.0,8.0,True,6.0,0.0,26462.0,47.0,1.0,1.0,0.0,0.0,1.0,1.0,1.0,0.0,3.0,0.0,393.0,0.0,0.0,0.0,3.0,0,0.0,0.0,0.0,0.0
529.0,91.0,1669.0,0.0,0.0,7000.0,0.0,0.0,1.0,0.0,0.0,10.0,True,0.0,0.0,31542.0,33.0,1.0,1.0,0.0,0.0,1.0,0.0,1.0,0.0,2.0,0.0,290.0,0.0,0.0,0.0,45.0,1,0.0,0.0,0.0,0.0
5199.0,532.0,4159.0,178.0,1.0,4500.0,1.0,1.0,1.0,1.0,0.0,9.0,True,4.0,1.0,33941.0,41.0,1.0,1.0,0.0,0.0,2.0,0.0,1.0,1.0,3.0,3.0,431.0,0.0,2.0,0.0,90.0,0,2744.8168711957173,1.0,0.0,0.0
3400.0,423.0,6331.0,0.0,0.0,0.0,0.0,0.0,0.0,0.0,0.0,7.0,True,4.0,1.0,34552.0,51.0,1.0,1.0,0.0,0.0,2.0,0.0,1.0,0.0,3.0,0.0,57.0,0.0,0.0,0.0,3.0,1,0.0,0.0,0.0,0.0
361.0,19.0,3771.0,1233.0,2.0,10000.0,0.0,0.0,1.0,0.0,0.0,4.0,True,3.0,1.0,30796.0,38.0,0.0,1.0,0.0,0.0,1.0,0.0,0.0,0.0,2.0,0.0,214.0,0.0,0.0,0.0,22.0,1,0.0,0.0,0.0,0.0
1198.0,383.0,1782.0,0.0,0.0,5000.0,0.0,0.0,1.0,1.0,0.0,5.0,False,8.0,0.0,29606.0,38.0,1.0,1.0,0.0,0.0,1.0,0.0,1.0,1.0,3.0,0.0,237.0,0.0,0.0,0.0,5.0,0,0.0,0.0,0.0,0.0
227.0,810.0,1620.0,0.0,0.0,0.0,0.0,0.0,0.0,1.0,0.0,7.0,True,3.0,0.0,21938.0,55.0,0.0,0.0,0.0,0.0,0.0,0.0,1.0,0.0,2.0,0.0,273.0,0.0,1.0,0.0,4.0,0,0.0,0.0,0.0,0.0
419.0,845.0,1690.0,0.0,0.0,0.0,0.0,0.0,0.0,1.0,0.0,7.0,True,1.0,0.0,38005.0,48.0,1.0,1.0,0.0,0.0,1.0,0.0,1.0,0.0,3.0,0.0,330.0,0.0,0.0,0.0,3.0,0,0.0,0.0,0.0,0.0
227.0,810.0,1620.0,0.0,0.0,0.0,0.0,0.0,0.0,0.0,0.0,9.0,True,8.0,0.0,31171.0,56.0,0.0,1.0,0.0,0.0,1.0,0.0,1.0,1.0,1.0,0.0,350.0,0.0,0.0,0.0,62.0,0,0.0,0.0,1.0,0.0
672.0,82.0,2001.0,0.0,0.0,3000.0,0.0,0.0,0.0,0.0,0.0,2.0,True,7.0,1.0,30753.0,50.0,0.0,1.0,0.0,0.0,1.0,0.0,1.0,0.0,3.0,0.0,211.0,0.0,0.0,0.0,95.0,0,0.0,0.0,0.0,0.0
266.0,1805.0,3610.0,0.0,2.0,9000.0,0.0,0.0,1.0,1.0,0.0,9.0,True,5.0,1.0,24783.0,31.0,1.0,0.0,0.0,0.0,1.0,0.0,1.0,0.0,3.0,0.0,185.0,0.0,0.0,0.0,68.0,1,0.0,0.0,0.0,0.0
1163.0,0.0,1975.0,0.0,0.0,0.0,0.0,0.0,0.0,0.0,0.0,3.0,False,1.0,0.0,29151.0,57.0,0.0,1.0,0.0,0.0,1.0,0.0,1.0,0.0,1.0,0.0,231.0,0.0,0.0,0.0,1.0,0,0.0,0.0,0.0,0.0
570.0,142.0,1650.0,0.0,0.0,0.0,0.0,0.0,0.0,1.0,0.0,1.0,True,0.0,0.0,29150.0,16.0,0.0,1.0,0.0,0.0,1.0,0.0,1.0,0.0,1.0,0.0,163.0,0.0,0.0,0.0,3.0,0,0.0,0.0,0.0,0.0
303.0,1078.5,2157.0,0.0,0.0,4000.0,0.0,0.0,0.0,0.0,0.0,5.0,True,4.0,0.0,36506.0,56.0,1.0,1.0,0.0,0.0,1.0,0.0,1.0,0.0,1.0,0.0,350.0,0.0,0.0,0.0,41.0,0,0.0,0.0,1.0,0.0
227.0,810.5,1621.0,0.0,0.0,0.0,0.0,0.0,1.0,1.0,0.0,5.0,True,5.0,0.0,33108.0,23.0,0.0,1.0,0.0,0.0,1.0,0.0,1.0,0.0,2.0,0.0,309.0,0.0,0.0,0.0,4.0,0,0.0,0.0,0.0,0.0
4573.0,3226.0,6452.0,0.0,1.0,3000.0,0.0,1.0,0.0,1.0,0.0,8.0,True,5.0,0.0,27523.0,52.0,1.0,1.0,0.0,0.0,3.0,0.0,1.0,1.0,3.0,0.0,440.0,0.0,0.0,0.0,42.0,1,11764.079354530037,1.0,0.0,1.0
3620.0,953.0,3461.0,0.0,0.0,4000.0,0.0,0.0,1.0,0.0,0.0,5.0,False,10.0,0.0,32475.0,61.0,1.0,1.0,0.0,0.0,1.0,0.0,1.0,1.0,1.0,0.0,350.0,0.0,0.0,0.0,4.0,0,0.0,0.0,1.0,0.0
534.0,86.0,1701.0,0.0,0.0,0.0,0.0,0.0,0.0,1.0,0.0,8.0,True,3.0,0.0,28746.0,29.0,0.0,1.0,0.0,0.0,1.0,0.0,1.0,0.0,3.0,0.0,393.0,0.0,0.0,0.0,29.0,1,0.0,0.0,0.0,0.0
1711.0,508.0,2454.0,0.0,0.0,15000.0,0.0,0.0,0.0,1.0,0.0,10.0,True,8.0,0.0,41058.0,49.0,1.0,0.0,0.0,0.0,2.0,0.0,0.0,1.0,3.0,1.0,181.0,0.0,0.0,0.0,40.0,0,0.0,0.0,0.0,0.0
227.0,0.0,1817.0,1586.0,5.0,0.0,0.0,0.0,1.0,1.0,0.0,6.0,True,0.0,0.0,35657.0,40.0,0.0,1.0,0.0,0.0,1.0,0.0,1.0,1.0,3.0,4.0,158.0,0.0,0.0,0.0,167.0,1,0.0,0.0,0.0,0.0
932.0,218.0,2490.0,961.0,4.0,15000.0,0.0,0.0,1.0,0.0,0.0,9.0,True,8.0,1.0,29832.0,31.0,0.0,1.0,0.0,0.0,1.0,0.0,1.0,1.0,3.0,2.0,136.0,0.0,0.0,0.0,85.0,1,0.0,0.0,0.0,0.0
6309.0,2500.0,4772.0,438.0,1.0,15000.0,0.0,0.0,1.0,0.0,0.0,8.0,True,11.0,1.0,49945.0,48.0,1.0,1.0,0.0,0.0,2.0,0.0,0.0,1.0,2.0,0.0,650.0,0.0,0.0,0.0,34.0,0,0.0,0.0,0.0,0.0
227.0,810.0,1620.0,0.0,0.0,0.0,0.0,0.0,0.0,0.0,0.0,5.0,True,6.0,0.0,30124.0,24.0,1.0,1.0,0.0,0.0,0.0,0.0,1.0,0.0,1.0,0.0,273.0,0.0,0.0,0.0,2.0,0,0.0,0.0,0.0,0.0
1910.0,702.0,1927.0,0.0,0.0,3500.0,0.0,0.0,1.0,0.0,0.0,6.0,True,6.0,0.0,32502.0,41.0,1.0,1.0,0.0,0.0,1.0,0.0,1.0,0.0,2.0,0.0,556.0,0.0,0.0,0.0,4.0,0,0.0,0.0,0.0,0.0
1257.0,41.0,2374.0,0.0,0.0,0.0,0.0,0.0,0.0,1.0,0.0,10.0,True,7.0,0.0,31135.0,47.0,1.0,1.0,0.0,0.0,1.0,0.0,1.0,0.0,2.0,0.0,611.0,0.0,1.0,0.0,4.0,1,4241.836155101085,1.0,0.0,0.0
458.0,847.5,1695.0,0.0,0.0,0.0,0.0,0.0,0.0,0.0,0.0,5.0,False,3.0,0.0,25689.0,79.0,0.0,1.0,0.0,0.0,1.0,0.0,1.0,0.0,1.0,0.0,276.0,0.0,0.0,0.0,13.0,1,0.0,0.0,1.0,0.0
485.0,31.0,3720.0,558.0,3.0,0.0,0.0,0.0,0.0,0.0,0.0,3.0,True,10.0,1.0,32449.0,47.0,1.0,1.0,0.0,0.0,1.0,0.0,1.0,1.0,2.0,0.0,374.0,0.0,0.0,0.0,106.0,1,841.1063350335296,1.0,0.0,0.0
6319.0,2520.0,3114.0,0.0,0.0,15000.0,0.0,0.0,0.0,0.0,0.0,10.0,True,11.0,0.0,30218.0,59.0,1.0,1.0,0.0,0.0,2.0,0.0,1.0,1.0,1.0,0.0,440.0,0.0,0.0,0.0,5.0,0,0.0,0.0,1.0,0.0
227.0,0.0,1620.0,0.0,0.0,0.0,0.0,0.0,0.0,1.0,0.0,8.0,False,3.0,0.0,26029.0,67.0,0.0,1.0,0.0,0.0,0.0,0.0,1.0,0.0,1.0,0.0,273.0,0.0,0.0,0.0,4.0,1,0.0,0.0,0.0,0.0
227.0,0.0,1620.0,0.0,0.0,0.0,0.0,0.0,0.0,0.0,0.0,2.0,True,6.0,0.0,26497.0,57.0,0.0,0.0,0.0,0.0,3.0,0.0,1.0,0.0,2.0,0.0,413.0,0.0,1.0,508.0,1.0,0,0.0,0.0,0.0,0.0
227.0,0.0,2035.0,0.0,0.0,0.0,0.0,0.0,0.0,1.0,0.0,4.0,True,4.0,0.0,31250.0,31.0,1.0,1.0,1.0,0.0,1.0,0.0,1.0,0.0,3.0,0.0,273.0,0.0,0.0,0.0,3.0,1,0.0,0.0,0.0,0.0
227.0,0.0,1620.0,0.0,0.0,0.0,0.0,0.0,0.0,1.0,0.0,10.0,True,3.0,1.0,32089.0,20.0,1.0,1.0,0.0,0.0,0.0,0.0,1.0,0.0,2.0,0.0,273.0,0.0,0.0,0.0,4.0,1,0.0,0.0,0.0,0.0
227.0,810.0,1620.0,0.0,0.0,0.0,0.0,0.0,0.0,1.0,0.0,0.0,True,8.0,1.0,27158.0,46.0,0.0,1.0,0.0,0.0,1.0,0.0,1.0,0.0,3.0,0.0,273.0,0.0,1.0,0.0,3.0,1,0.0,0.0,0.0,0.0
2023.0,1313.0,2626.0,0.0,0.0,0.0,0.0,1.0,0.0,0.0,0.0,7.0,True,7.0,0.0,32859.0,76.0,1.0,1.0,0.0,0.0,3.0,0.0,1.0,0.0,1.0,0.0,397.0,0.0,0.0,0.0,3.0,1,0.0,0.0,1.0,1.0
444.0,0.0,1634.0,0.0,0.0,0.0,0.0,0.0,0.0,1.0,0.0,6.0,True,9.0,0.0,32646.0,38.0,0.0,1.0,0.0,0.0,1.0,0.0,1.0,0.0,2.0,0.0,225.0,0.0,0.0,0.0,3.0,0,0.0,0.0,0.0,0.0
279.0,19.0,1637.0,0.0,0.0,750.0,0.0,0.0,0.0,1.0,0.0,7.0,True,8.0,0.0,36844.0,19.0,0.0,1.0,0.0,0.0,1.0,0.0,1.0,0.0,1.0,0.0,112.0,0.0,0.0,0.0,4.0,1,0.0,0.0,0.0,0.0
2647.0,976.0,2467.0,916.0,1.0,4000.0,0.0,0.0,1.0,0.0,0.0,10.0,True,7.0,1.0,29500.0,26.0,1.0,1.0,0.0,0.0,1.0,0.0,1.0,1.0,2.0,0.0,138.0,0.0,0.0,0.0,25.0,1,0.0,0.0,0.0,0.0
6603.0,347.0,8406.0,0.0,0.0,5000.0,0.0,0.0,0.0,0.0,0.0,9.0,True,1.0,0.0,56185.0,68.0,1.0,1.0,1.0,0.0,2.0,0.0,1.0,1.0,1.0,0.0,515.0,0.0,1.0,0.0,45.0,0,0.0,0.0,1.0,0.0
227.0,0.0,1622.0,0.0,0.0,0.0,0.0,0.0,1.0,1.0,0.0,10.0,False,8.0,0.0,33505.0,55.0,1.0,1.0,0.0,0.0,1.0,0.0,1.0,0.0,2.0,0.0,471.0,0.0,0.0,0.0,121.0,0,0.0,0.0,1.0,0.0
504.0,848.0,1696.0,0.0,0.0,750.0,0.0,0.0,1.0,0.0,0.0,4.0,True,3.0,0.0,29576.0,18.0,1.0,1.0,0.0,0.0,1.0,0.0,1.0,0.0,1.0,0.0,113.0,0.0,0.0,0.0,4.0,1,0.0,0.0,0.0,0.0
3020.0,0.0,8200.0,1708.0,3.0,15000.0,0.0,0.0,1.0,0.0,0.0,5.0,True,5.0,0.0,35153.0,39.0,1.0,0.0,0.0,0.0,1.0,2.0,1.0,0.0,3.0,1.0,116.0,0.0,0.0,0.0,13.0,0,0.0,0.0,0.0,0.0
228.0,0.0,2394.0,0.0,0.0,0.0,0.0,0.0,1.0,0.0,0.0,4.0,True,1.0,0.0,35323.0,23.0,1.0,1.0,0.0,0.0,1.0,0.0,1.0,0.0,2.0,0.0,155.0,0.0,0.0,0.0,1.0,0,0.0,0.0,0.0,0.0
902.0,0.0,1709.0,0.0,0.0,1500.0,0.0,0.0,0.0,0.0,0.0,4.0,True,9.0,0.0,38094.0,41.0,0.0,1.0,0.0,0.0,1.0,0.0,0.0,1.0,3.0,0.0,7.0,0.0,0.0,0.0,2.0,1,0.0,0.0,0.0,0.0
235.0,823.0,1646.0,0.0,0.0,0.0,0.0,0.0,0.0,0.0,0.0,2.0,False,4.0,0.0,27821.0,77.0,1.0,1.0,0.0,0.0,1.0,0.0,0.0,0.0,1.0,0.0,173.0,0.0,0.0,0.0,36.0,1,0.0,0.0,1.0,0.0
4656.0,1629.0,2515.0,0.0,0.0,12000.0,0.0,0.0,1.0,0.0,0.0,7.0,True,12.0,0.0,49451.0,34.0,0.0,1.0,0.0,0.0,1.0,1.0,1.0,1.0,2.0,0.0,260.0,0.0,0.0,0.0,25.0,0,1859.3636680251343,1.0,0.0,0.0
283.0,19.0,1683.0,0.0,0.0,3000.0,0.0,0.0,1.0,0.0,0.0,5.0,False,9.0,0.0,30189.0,51.0,0.0,1.0,0.0,0.0,1.0,0.0,1.0,0.0,2.0,0.0,324.0,0.0,0.0,0.0,24.0,1,0.0,0.0,0.0,0.0
644.0,0.0,1970.0,0.0,0.0,0.0,0.0,0.0,0.0,0.0,0.0,1.0,True,1.0,0.0,32155.0,42.0,0.0,1.0,0.0,0.0,1.0,0.0,1.0,0.0,2.0,0.0,297.0,0.0,0.0,0.0,4.0,1,2061.371523615055,1.0,0.0,0.0
3457.0,213.0,5434.0,0.0,0.0,0.0,0.0,1.0,0.0,0.0,1.0,7.0,False,7.0,0.0,28743.0,43.0,1.0,1.0,0.0,0.0,2.0,0.0,1.0,1.0,3.0,2.0,254.0,0.0,0.0,0.0,4.0,0,2950.1646488539554,1.0,0.0,0.0
11661.0,57.0,19590.0,0.0,0.0,5000.0,0.0,1.0,0.0,1.0,0.0,3.0,False,6.0,0.0,41635.0,58.0,1.0,1.0,0.0,0.0,3.0,0.0,1.0,1.0,2.0,0.0,563.0,0.0,0.0,0.0,23.0,1,832.1788562211138,1.0,0.0,1.0
227.0,0.0,1620.0,0.0,0.0,0.0,0.0,0.0,0.0,0.0,0.0,7.0,True,4.0,0.0,29251.0,51.0,1.0,1.0,0.0,0.0,1.0,0.0,1.0,0.0,3.0,0.0,118.0,0.0,0.0,0.0,2.0,0,0.0,0.0,0.0,0.0
282.0,9.0,1637.0,0.0,0.0,0.0,0.0,0.0,0.0,0.0,0.0,9.0,False,7.0,0.0,23918.0,75.0,0.0,1.0,0.0,0.0,1.0,0.0,1.0,0.0,1.0,0.0,235.0,0.0,0.0,0.0,4.0,1,0.0,0.0,1.0,0.0
276.0,0.0,1622.0,0.0,0.0,0.0,0.0,0.0,1.0,0.0,1.0,11.0,True,8.0,0.0,35632.0,39.0,0.0,0.0,0.0,0.0,1.0,0.0,1.0,0.0,2.0,0.0,8.0,0.0,0.0,0.0,4.0,0,0.0,0.0,0.0,0.0
460.0,5.0,1903.0,0.0,0.0,6500.0,0.0,0.0,0.0,0.0,0.0,4.0,True,6.0,0.0,23302.0,45.0,1.0,0.0,0.0,0.0,1.0,0.0,1.0,1.0,3.0,0.0,261.0,0.0,0.0,0.0,22.0,0,0.0,0.0,0.0,0.0
464.0,928.0,1856.0,0.0,0.0,750.0,0.0,0.0,1.0,0.0,0.0,6.0,True,0.0,0.0,37393.0,21.0,0.0,1.0,0.0,0.0,1.0,0.0,0.0,0.0,2.0,0.0,19.0,0.0,0.0,0.0,4.0,1,0.0,0.0,0.0,0.0
1031.0,0.0,2339.0,0.0,0.0,750.0,0.0,0.0,1.0,0.0,0.0,3.0,True,1.0,0.0,30975.0,18.0,0.0,1.0,0.0,0.0,1.0,0.0,0.0,0.0,1.0,0.0,187.0,0.0,0.0,0.0,5.0,0,0.0,0.0,0.0,0.0
227.0,810.0,1620.0,0.0,0.0,0.0,0.0,0.0,0.0,0.0,0.0,0.0,False,2.0,0.0,30325.0,47.0,0.0,1.0,0.0,0.0,1.0,0.0,1.0,0.0,2.0,0.0,239.0,0.0,0.0,0.0,4.0,1,0.0,0.0,0.0,0.0
227.0,0.0,1620.0,0.0,0.0,0.0,0.0,0.0,0.0,0.0,0.0,1.0,True,6.0,0.0,37238.0,70.0,0.0,1.0,0.0,0.0,0.0,0.0,1.0,0.0,1.0,0.0,273.0,0.0,0.0,0.0,3.0,0,0.0,0.0,1.0,0.0
4356.0,1336.0,3348.0,0.0,0.0,15000.0,0.0,0.0,1.0,1.0,0.0,5.0,True,23.0,0.0,38912.0,35.0,1.0,1.0,0.0,0.0,2.0,0.0,1.0,1.0,3.0,3.0,443.0,0.0,0.0,0.0,93.0,1,0.0,0.0,0.0,0.0
583.0,921.0,1842.0,0.0,0.0,5000.0,0.0,0.0,1.0,0.0,0.0,9.0,False,8.0,0.0,31131.0,53.0,1.0,1.0,0.0,0.0,1.0,0.0,1.0,1.0,1.0,0.0,190.0,0.0,0.0,0.0,48.0,0,0.0,0.0,1.0,0.0
5397.0,2095.0,2550.0,0.0,0.0,0.0,0.0,0.0,0.0,0.0,0.0,1.0,False,6.0,0.0,37219.0,81.0,1.0,1.0,0.0,0.0,2.0,0.0,1.0,0.0,1.0,0.0,372.0,0.0,0.0,0.0,4.0,1,0.0,0.0,1.0,0.0
228.0,0.0,2094.0,0.0,0.0,0.0,0.0,0.0,1.0,0.0,0.0,10.0,True,5.0,0.0,46089.0,39.0,0.0,1.0,0.0,0.0,4.0,6.0,1.0,0.0,3.0,1.0,261.0,1.0,0.0,0.0,35.0,1,0.0,0.0,0.0,0.0
247.0,811.0,1622.0,0.0,0.0,0.0,0.0,0.0,1.0,1.0,0.0,6.0,True,8.0,0.0,29711.0,42.0,0.0,1.0,0.0,0.0,1.0,0.0,0.0,0.0,3.0,3.0,213.0,0.0,3.0,0.0,89.0,0,0.0,0.0,0.0,0.0
8502.0,124.0,20559.0,0.0,2.0,15000.0,1.0,0.0,1.0,1.0,0.0,5.0,True,9.0,1.0,32014.0,43.0,1.0,1.0,1.0,0.0,3.0,0.0,1.0,1.0,3.0,0.0,247.0,0.0,0.0,0.0,200.0,1,4782.268426983662,1.0,0.0,1.0
1022.0,334.0,1731.0,0.0,0.0,0.0,0.0,0.0,0.0,0.0,0.0,1.0,True,8.0,0.0,29995.0,61.0,1.0,1.0,0.0,0.0,1.0,0.0,1.0,0.0,1.0,0.0,47.0,0.0,0.0,0.0,4.0,0,0.0,0.0,1.0,0.0
227.0,0.0,1620.0,0.0,0.0,0.0,0.0,0.0,0.0,0.0,0.0,3.0,True,9.0,0.0,32969.0,51.0,0.0,1.0,0.0,0.0,0.0,0.0,1.0,0.0,2.0,0.0,273.0,0.0,0.0,0.0,4.0,0,0.0,0.0,0.0,0.0
1708.0,0.0,2474.0,0.0,0.0,0.0,0.0,0.0,0.0,1.0,0.0,11.0,True,4.0,1.0,33049.0,48.0,0.0,1.0,0.0,0.0,1.0,1.0,1.0,0.0,3.0,0.0,272.0,0.0,0.0,0.0,3.0,1,0.0,0.0,0.0,0.0
1105.0,139.0,1709.0,0.0,0.0,0.0,0.0,0.0,0.0,0.0,0.0,9.0,True,8.0,0.0,30389.0,38.0,0.0,0.0,0.0,0.0,1.0,1.0,1.0,0.0,2.0,0.0,518.0,0.0,0.0,0.0,4.0,0,0.0,0.0,0.0,0.0
8794.0,922.0,7984.0,0.0,0.0,0.0,0.0,0.0,0.0,1.0,0.0,6.0,False,0.0,0.0,31648.0,61.0,0.0,1.0,0.0,0.0,2.0,0.0,1.0,0.0,1.0,0.0,273.0,0.0,0.0,0.0,4.0,1,0.0,0.0,1.0,0.0
308.0,32.0,1659.0,0.0,0.0,750.0,0.0,0.0,1.0,1.0,0.0,1.0,True,8.0,0.0,28784.0,21.0,1.0,0.0,0.0,0.0,1.0,0.0,1.0,0.0,1.0,0.0,242.0,0.0,0.0,0.0,15.0,0,0.0,0.0,0.0,0.0
707.0,956.0,1912.0,0.0,0.0,11000.0,0.0,0.0,0.0,0.0,0.0,10.0,True,4.0,0.0,35220.0,68.0,0.0,1.0,0.0,0.0,3.0,0.0,1.0,0.0,1.0,0.0,599.0,0.0,0.0,0.0,40.0,1,414.18862283364496,1.0,0.0,0.0
6956.0,1504.0,4660.0,0.0,0.0,9000.0,1.0,1.0,1.0,1.0,0.0,8.0,True,0.0,0.0,32957.0,68.0,1.0,1.0,1.0,0.0,2.0,0.0,1.0,1.0,1.0,0.0,671.0,0.0,2.0,0.0,41.0,0,0.0,0.0,1.0,0.0
248.0,9.0,1625.0,0.0,0.0,0.0,0.0,0.0,0.0,0.0,0.0,9.0,False,8.0,0.0,41375.0,84.0,0.0,0.0,0.0,0.0,1.0,0.0,1.0,0.0,1.0,0.0,274.0,0.0,0.0,0.0,4.0,1,0.0,0.0,1.0,0.0
1675.0,571.0,1880.0,0.0,0.0,2500.0,0.0,0.0,0.0,0.0,0.0,5.0,False,2.0,0.0,25173.0,69.0,0.0,1.0,0.0,0.0,1.0,0.0,1.0,0.0,1.0,0.0,372.0,0.0,0.0,0.0,33.0,1,0.0,0.0,0.0,0.0
4688.0,0.0,5280.0,0.0,0.0,4500.0,0.0,0.0,0.0,0.0,0.0,6.0,True,1.0,0.0,40110.0,61.0,1.0,1.0,0.0,0.0,3.0,0.0,1.0,0.0,1.0,0.0,409.0,0.0,0.0,0.0,42.0,1,0.0,0.0,0.0,0.0
1110.0,367.0,1761.0,0.0,0.0,750.0,0.0,0.0,1.0,1.0,0.0,1.0,True,0.0,0.0,31459.0,17.0,1.0,1.0,0.0,0.0,1.0,0.0,1.0,0.0,1.0,0.0,174.0,0.0,0.0,0.0,4.0,0,0.0,0.0,0.0,0.0
335.0,0.0,4373.0,879.0,2.0,11000.0,0.0,0.0,1.0,1.0,0.0,3.0,True,6.0,1.0,32009.0,35.0,0.0,1.0,0.0,0.0,1.0,0.0,1.0,1.0,2.0,3.0,395.0,0.0,1.0,0.0,75.0,0,0.0,0.0,0.0,0.0
817.0,0.0,1747.0,0.0,0.0,0.0,0.0,0.0,1.0,1.0,0.0,2.0,True,5.0,0.0,32155.0,31.0,1.0,1.0,0.0,0.0,1.0,0.0,0.0,0.0,2.0,0.0,16.0,0.0,0.0,0.0,3.0,1,0.0,0.0,0.0,0.0
227.0,2696.0,5392.0,793.0,1.0,0.0,0.0,0.0,0.0,0.0,0.0,5.0,True,8.0,0.0,32155.0,43.0,0.0,1.0,0.0,0.0,1.0,1.0,0.0,0.0,3.0,1.0,20.0,0.0,0.0,0.0,2.0,0,0.0,0.0,0.0,0.0
243.0,0.0,1629.0,0.0,0.0,0.0,0.0,0.0,0.0,1.0,0.0,1.0,True,5.0,0.0,32155.0,45.0,0.0,1.0,0.0,0.0,1.0,0.0,0.0,0.0,2.0,0.0,187.0,0.0,0.0,0.0,3.0,0,0.0,0.0,0.0,0.0
9114.0,0.0,11374.0,0.0,0.0,0.0,0.0,0.0,0.0,1.0,0.0,7.0,True,2.0,0.0,32047.0,53.0,1.0,1.0,0.0,0.0,2.0,0.0,1.0,1.0,2.0,0.0,220.0,0.0,0.0,0.0,5.0,1,0.0,0.0,0.0,1.0
2376.0,575.0,2385.0,0.0,0.0,6000.0,0.0,0.0,0.0,0.0,0.0,8.0,True,4.0,0.0,33399.0,70.0,1.0,1.0,0.0,0.0,1.0,0.0,1.0,1.0,1.0,0.0,379.0,0.0,0.0,0.0,40.0,0,0.0,0.0,1.0,0.0
450.0,5.0,2540.0,0.0,0.0,11000.0,0.0,0.0,1.0,0.0,0.0,10.0,True,21.0,0.0,39273.0,31.0,1.0,1.0,0.0,0.0,1.0,1.0,1.0,1.0,3.0,0.0,421.0,0.0,0.0,0.0,18.0,0,669.9933216102894,1.0,0.0,0.0
227.0,0.0,1704.0,1289.0,2.0,10000.0,0.0,0.0,1.0,1.0,0.0,8.0,True,4.0,1.0,39993.0,27.0,0.0,1.0,0.0,0.0,1.0,0.0,1.0,0.0,3.0,2.0,410.0,0.0,0.0,0.0,133.0,1,0.0,0.0,0.0,0.0
923.0,228.0,2400.0,0.0,0.0,4500.0,0.0,0.0,1.0,1.0,0.0,11.0,True,15.0,0.0,31573.0,27.0,1.0,0.0,0.0,0.0,1.0,0.0,1.0,1.0,2.0,0.0,222.0,0.0,0.0,0.0,17.0,0,514.9065289814869,1.0,0.0,0.0
264.0,0.0,1633.0,0.0,0.0,0.0,0.0,0.0,0.0,0.0,0.0,0.0,False,0.0,0.0,32155.0,68.0,0.0,1.0,0.0,0.0,1.0,0.0,1.0,0.0,1.0,0.0,251.0,0.0,0.0,0.0,2.0,1,0.0,0.0,1.0,0.0
21499.0,829.0,22252.0,0.0,0.0,3000.0,0.0,0.0,0.0,0.0,0.0,8.0,True,6.0,1.0,30367.0,46.0,0.0,1.0,0.0,0.0,3.0,0.0,1.0,0.0,2.0,0.0,54.0,0.0,0.0,0.0,15.0,0,0.0,0.0,0.0,1.0
732.0,171.0,2065.0,0.0,0.0,5000.0,0.0,0.0,1.0,1.0,1.0,9.0,True,15.0,0.0,29349.0,29.0,0.0,1.0,0.0,0.0,1.0,0.0,0.0,1.0,2.0,0.0,33.0,0.0,0.0,0.0,40.0,1,0.0,0.0,0.0,0.0
5570.0,1952.0,3005.0,0.0,0.0,4000.0,0.0,0.0,1.0,1.0,0.0,8.0,True,10.0,0.0,31055.0,53.0,0.0,1.0,0.0,0.0,3.0,0.0,1.0,1.0,2.0,0.0,350.0,0.0,0.0,0.0,61.0,1,3106.573447048572,1.0,0.0,1.0
241.0,0.0,2813.0,0.0,0.0,1500.0,0.0,0.0,1.0,0.0,0.0,11.0,True,6.0,1.0,27885.0,23.0,1.0,1.0,0.0,0.0,1.0,1.0,0.0,0.0,2.0,0.0,186.0,0.0,1.0,0.0,3.0,1,0.0,0.0,0.0,0.0
227.0,0.0,1620.0,0.0,0.0,0.0,0.0,0.0,0.0,0.0,0.0,6.0,True,9.0,0.0,28784.0,26.0,1.0,0.0,0.0,0.0,0.0,0.0,1.0,0.0,2.0,0.0,273.0,1.0,0.0,0.0,2.0,1,0.0,0.0,0.0,0.0
240.0,0.0,1647.0,0.0,0.0,2500.0,0.0,0.0,0.0,0.0,0.0,10.0,True,0.0,0.0,28121.0,38.0,0.0,1.0,0.0,0.0,1.0,0.0,0.0,0.0,2.0,0.0,146.0,0.0,0.0,0.0,4.0,0,0.0,0.0,0.0,0.0
252.0,0.0,2383.0,0.0,0.0,2500.0,0.0,0.0,0.0,0.0,0.0,1.0,True,8.0,0.0,29721.0,26.0,0.0,1.0,0.0,0.0,1.0,0.0,1.0,1.0,3.0,3.0,59.0,0.0,0.0,0.0,50.0,1,0.0,0.0,0.0,0.0
227.0,811.0,1622.0,0.0,0.0,0.0,0.0,0.0,0.0,1.0,0.0,6.0,True,2.0,0.0,32351.0,48.0,0.0,0.0,0.0,0.0,1.0,0.0,1.0,0.0,2.0,0.0,482.0,0.0,0.0,0.0,2.0,1,0.0,0.0,0.0,0.0
236.0,1.0,1638.0,0.0,0.0,12000.0,0.0,0.0,0.0,0.0,0.0,3.0,True,9.0,0.0,30422.0,48.0,1.0,1.0,0.0,0.0,1.0,0.0,1.0,0.0,3.0,0.0,392.0,0.0,0.0,0.0,115.0,1,0.0,0.0,0.0,0.0
227.0,0.0,1622.0,0.0,0.0,0.0,0.0,0.0,0.0,0.0,0.0,3.0,True,3.0,0.0,36013.0,22.0,0.0,1.0,0.0,0.0,1.0,0.0,1.0,0.0,1.0,0.0,190.0,0.0,0.0,0.0,1.0,0,0.0,0.0,0.0,0.0
350.0,35.0,1683.0,0.0,0.0,2500.0,0.0,0.0,0.0,0.0,0.0,7.0,False,6.0,0.0,28813.0,64.0,0.0,1.0,0.0,0.0,1.0,0.0,1.0,1.0,2.0,0.0,379.0,0.0,0.0,0.0,102.0,1,0.0,0.0,1.0,0.0
2351.0,30.0,7967.0,540.0,2.0,10500.0,0.0,1.0,0.0,0.0,0.0,11.0,True,14.0,1.0,32814.0,39.0,1.0,1.0,0.0,0.0,2.0,0.0,1.0,1.0,3.0,2.0,529.0,0.0,0.0,0.0,109.0,0,0.0,0.0,0.0,1.0
13708.0,1089.0,11326.0,0.0,0.0,0.0,0.0,0.0,0.0,0.0,0.0,8.0,False,1.0,0.0,28746.0,76.0,1.0,1.0,0.0,0.0,3.0,0.0,1.0,0.0,1.0,0.0,671.0,0.0,0.0,0.0,33.0,1,0.0,0.0,0.0,1.0
227.0,810.0,1620.0,0.0,0.0,0.0,0.0,0.0,0.0,1.0,0.0,6.0,False,6.0,1.0,31790.0,48.0,1.0,1.0,1.0,0.0,0.0,0.0,1.0,0.0,2.0,0.0,273.0,0.0,2.0,182.0,3.0,0,0.0,0.0,0.0,0.0
227.0,810.0,1620.0,0.0,0.0,0.0,0.0,0.0,0.0,0.0,0.0,5.0,True,6.0,0.0,25603.0,44.0,0.0,1.0,0.0,0.0,0.0,0.0,1.0,0.0,3.0,1.0,273.0,0.0,0.0,0.0,2.0,1,0.0,0.0,0.0,0.0
303.0,3.0,1751.0,0.0,0.0,0.0,0.0,0.0,0.0,0.0,0.0,5.0,True,8.0,0.0,36536.0,56.0,1.0,1.0,0.0,0.0,1.0,0.0,1.0,0.0,2.0,0.0,398.0,0.0,0.0,0.0,12.0,0,0.0,0.0,1.0,0.0
636.0,0.0,2161.0,0.0,0.0,4000.0,0.0,0.0,0.0,0.0,0.0,9.0,True,9.0,0.0,33862.0,67.0,1.0,1.0,0.0,0.0,2.0,0.0,1.0,1.0,1.0,0.0,324.0,0.0,0.0,0.0,51.0,1,0.0,0.0,1.0,1.0
2552.0,1746.0,3492.0,0.0,0.0,3000.0,0.0,0.0,0.0,0.0,0.0,1.0,True,2.0,0.0,39648.0,72.0,1.0,1.0,0.0,0.0,3.0,0.0,1.0,0.0,1.0,0.0,346.0,0.0,0.0,0.0,32.0,1,0.0,0.0,1.0,0.0
687.0,193.0,1697.0,0.0,0.0,3000.0,0.0,0.0,0.0,0.0,0.0,10.0,True,0.0,0.0,29629.0,68.0,0.0,1.0,0.0,0.0,1.0,0.0,1.0,0.0,1.0,0.0,269.0,0.0,0.0,0.0,29.0,1,0.0,0.0,1.0,0.0
1002.0,0.0,2674.0,0.0,0.0,0.0,0.0,0.0,0.0,0.0,0.0,6.0,True,3.0,0.0,28615.0,74.0,1.0,1.0,0.0,0.0,2.0,0.0,1.0,0.0,1.0,0.0,443.0,0.0,0.0,0.0,2.0,1,0.0,0.0,1.0,1.0
8292.0,1262.0,8548.0,0.0,0.0,6000.0,0.0,0.0,0.0,0.0,0.0,4.0,True,7.0,0.0,26044.0,73.0,1.0,1.0,0.0,0.0,3.0,0.0,1.0,0.0,1.0,0.0,350.0,0.0,0.0,0.0,55.0,1,0.0,0.0,1.0,0.0
227.0,810.0,1620.0,0.0,0.0,0.0,0.0,0.0,0.0,1.0,0.0,9.0,True,5.0,0.0,37185.0,39.0,0.0,1.0,0.0,0.0,0.0,0.0,1.0,0.0,2.0,0.0,0.0,0.0,0.0,0.0,3.0,0,0.0,0.0,0.0,0.0
4852.0,1597.0,2645.0,0.0,0.0,4000.0,0.0,0.0,0.0,0.0,0.0,5.0,True,13.0,0.0,31578.0,24.0,0.0,1.0,0.0,0.0,2.0,0.0,1.0,1.0,2.0,0.0,63.0,0.0,0.0,0.0,1.0,1,0.0,0.0,0.0,0.0
3568.0,254.0,2152.0,0.0,0.0,0.0,0.0,0.0,0.0,1.0,0.0,5.0,True,5.0,0.0,35515.0,61.0,0.0,1.0,0.0,0.0,1.0,0.0,1.0,0.0,1.0,0.0,415.0,0.0,0.0,0.0,3.0,1,0.0,0.0,0.0,0.0
231.0,1.0,1688.0,0.0,3.0,1500.0,0.0,0.0,1.0,0.0,0.0,8.0,True,5.0,1.0,30487.0,39.0,1.0,1.0,0.0,0.0,1.0,0.0,1.0,0.0,3.0,3.0,275.0,0.0,1.0,0.0,58.0,1,0.0,0.0,0.0,0.0
4331.0,0.0,2364.0,0.0,0.0,5000.0,0.0,0.0,0.0,0.0,0.0,3.0,False,3.0,0.0,46924.0,66.0,1.0,1.0,0.0,0.0,1.0,0.0,0.0,0.0,1.0,0.0,122.0,0.0,0.0,0.0,3.0,1,0.0,0.0,1.0,0.0
10455.0,70.0,14734.0,225.0,1.0,9500.0,1.0,1.0,1.0,1.0,0.0,10.0,True,6.0,1.0,36016.0,54.0,1.0,1.0,0.0,0.0,3.0,0.0,1.0,1.0,2.0,0.0,623.0,0.0,0.0,0.0,47.0,1,3292.9897446621167,1.0,0.0,1.0
227.0,810.0,1620.0,0.0,0.0,1500.0,0.0,0.0,1.0,1.0,0.0,5.0,True,9.0,0.0,23614.0,31.0,1.0,1.0,0.0,0.0,1.0,0.0,1.0,0.0,2.0,0.0,228.0,0.0,0.0,0.0,4.0,1,0.0,0.0,0.0,0.0
14214.0,1626.0,17519.0,182.0,1.0,4000.0,0.0,1.0,0.0,0.0,0.0,2.0,True,9.0,1.0,39450.0,52.0,0.0,1.0,1.0,0.0,3.0,0.0,1.0,0.0,2.0,0.0,467.0,0.0,1.0,0.0,20.0,0,0.0,0.0,0.0,1.0
2020.0,392.0,2549.0,0.0,0.0,750.0,0.0,1.0,1.0,0.0,0.0,0.0,True,9.0,0.0,30448.0,19.0,1.0,1.0,0.0,0.0,1.0,0.0,1.0,0.0,1.0,0.0,257.0,0.0,0.0,0.0,4.0,1,0.0,0.0,0.0,0.0
238.0,4.0,1624.0,0.0,0.0,0.0,0.0,0.0,0.0,0.0,0.0,5.0,True,4.0,0.0,33086.0,35.0,0.0,1.0,0.0,0.0,1.0,0.0,1.0,0.0,2.0,0.0,473.0,0.0,0.0,0.0,4.0,0,0.0,0.0,0.0,0.0
242.0,822.0,1644.0,0.0,0.0,1500.0,0.0,0.0,0.0,0.0,0.0,3.0,True,9.0,0.0,28670.0,62.0,0.0,1.0,0.0,0.0,1.0,0.0,1.0,0.0,1.0,0.0,378.0,0.0,0.0,0.0,54.0,1,0.0,0.0,1.0,0.0
227.0,0.0,1620.0,0.0,0.0,0.0,0.0,0.0,0.0,0.0,0.0,7.0,True,8.0,1.0,30050.0,30.0,0.0,1.0,1.0,0.0,0.0,0.0,1.0,0.0,3.0,0.0,273.0,0.0,1.0,2617.0,2.0,0,0.0,0.0,0.0,0.0
227.0,0.0,1621.0,0.0,0.0,0.0,0.0,0.0,0.0,0.0,1.0,7.0,True,1.0,0.0,24544.0,33.0,0.0,0.0,0.0,0.0,1.0,0.0,0.0,0.0,2.0,0.0,36.0,0.0,0.0,0.0,2.0,0,0.0,0.0,0.0,0.0
227.0,0.0,1620.0,0.0,0.0,0.0,0.0,0.0,0.0,0.0,0.0,5.0,True,0.0,0.0,29702.0,53.0,0.0,1.0,0.0,0.0,0.0,0.0,1.0,0.0,3.0,0.0,273.0,0.0,1.0,1682.0,3.0,1,0.0,0.0,0.0,0.0
701.0,158.0,1739.0,0.0,0.0,0.0,0.0,0.0,0.0,1.0,0.0,4.0,True,0.0,0.0,28762.0,68.0,1.0,1.0,0.0,0.0,3.0,0.0,1.0,0.0,1.0,0.0,350.0,0.0,0.0,0.0,53.0,0,0.0,0.0,1.0,0.0
450.0,41.0,1667.0,0.0,0.0,0.0,0.0,0.0,0.0,1.0,0.0,6.0,True,3.0,0.0,30170.0,66.0,0.0,1.0,0.0,0.0,1.0,0.0,1.0,0.0,1.0,0.0,397.0,0.0,0.0,0.0,3.0,1,0.0,0.0,1.0,0.0
461.0,19.0,3422.0,1199.0,3.0,7000.0,0.0,0.0,1.0,1.0,0.0,5.0,True,0.0,1.0,26323.0,33.0,1.0,1.0,0.0,0.0,1.0,0.0,1.0,1.0,3.0,2.0,374.0,0.0,0.0,0.0,69.0,1,901.2406972359296,1.0,0.0,0.0
227.0,0.0,1620.0,0.0,0.0,3000.0,0.0,0.0,1.0,0.0,0.0,3.0,True,1.0,0.0,35277.0,56.0,0.0,1.0,0.0,0.0,1.0,0.0,1.0,0.0,1.0,0.0,410.0,0.0,0.0,0.0,34.0,1,0.0,0.0,0.0,0.0
2718.0,9.0,8332.0,1130.0,1.0,6500.0,1.0,1.0,1.0,1.0,0.0,7.0,False,10.0,1.0,39475.0,43.0,1.0,1.0,0.0,0.0,2.0,0.0,1.0,1.0,3.0,3.0,326.0,0.0,0.0,0.0,153.0,1,2151.056201028783,1.0,0.0,1.0
364.0,19.0,8590.0,1044.0,1.0,7000.0,0.0,0.0,1.0,0.0,0.0,7.0,True,10.0,1.0,28217.0,31.0,1.0,0.0,0.0,0.0,4.0,6.0,1.0,1.0,3.0,1.0,242.0,1.0,0.0,0.0,118.0,0,0.0,0.0,0.0,0.0
2050.0,352.0,5681.0,0.0,3.0,5000.0,0.0,0.0,1.0,1.0,0.0,9.0,False,2.0,1.0,34552.0,38.0,0.0,1.0,0.0,0.0,1.0,0.0,1.0,1.0,3.0,2.0,274.0,0.0,1.0,0.0,110.0,0,4520.671226818134,1.0,0.0,0.0
3356.0,1059.0,2555.0,0.0,0.0,4500.0,0.0,0.0,0.0,0.0,0.0,6.0,False,7.0,0.0,29431.0,44.0,1.0,1.0,0.0,0.0,1.0,0.0,1.0,0.0,2.0,0.0,279.0,0.0,0.0,0.0,25.0,1,2855.034299450212,1.0,0.0,0.0
23313.0,0.0,33417.0,814.0,1.0,15000.0,0.0,0.0,1.0,1.0,0.0,12.0,True,6.0,1.0,31554.0,51.0,1.0,1.0,0.0,0.0,3.0,1.0,0.0,1.0,2.0,1.0,255.0,0.0,0.0,0.0,49.0,0,3649.4155076115935,1.0,0.0,1.0
290.0,845.5,1691.0,0.0,0.0,14000.0,0.0,0.0,0.0,1.0,0.0,4.0,True,3.0,0.0,32834.0,57.0,0.0,1.0,0.0,0.0,1.0,0.0,1.0,1.0,2.0,0.0,379.0,0.0,0.0,0.0,72.0,1,309.7546874122195,1.0,0.0,0.0
927.0,2781.0,5562.0,1481.0,1.0,9000.0,0.0,0.0,1.0,1.0,0.0,8.0,True,44.0,1.0,35466.0,31.0,0.0,0.0,0.0,0.0,1.0,0.0,1.0,1.0,2.0,0.0,273.0,0.0,0.0,0.0,19.0,1,0.0,0.0,0.0,0.0
227.0,0.0,1620.0,0.0,0.0,0.0,0.0,0.0,0.0,1.0,0.0,10.0,True,9.0,0.0,28481.0,43.0,0.0,0.0,0.0,0.0,1.0,0.0,0.0,0.0,2.0,0.0,229.0,0.0,0.0,0.0,4.0,0,0.0,0.0,0.0,0.0
227.0,0.0,3746.0,0.0,1.0,10000.0,0.0,0.0,1.0,0.0,0.0,3.0,False,1.0,1.0,25186.0,25.0,0.0,1.0,0.0,0.0,1.0,0.0,1.0,0.0,3.0,0.0,53.0,0.0,0.0,0.0,31.0,0,0.0,0.0,0.0,0.0
3091.0,1133.0,2114.0,0.0,0.0,0.0,0.0,0.0,0.0,0.0,0.0,8.0,False,2.0,0.0,32856.0,57.0,1.0,1.0,0.0,0.0,1.0,0.0,1.0,0.0,1.0,0.0,324.0,0.0,0.0,0.0,25.0,1,0.0,0.0,0.0,0.0
1259.0,1717.0,3434.0,0.0,0.0,15000.0,0.0,0.0,1.0,1.0,0.0,1.0,True,7.0,0.0,36228.0,42.0,1.0,1.0,0.0,0.0,1.0,0.0,1.0,0.0,3.0,0.0,339.0,0.0,0.0,0.0,156.0,1,5097.106192014352,1.0,0.0,0.0
20564.0,121.0,34303.0,0.0,1.0,0.0,0.0,0.0,0.0,0.0,0.0,2.0,True,4.0,0.0,26919.0,46.0,1.0,1.0,0.0,0.0,3.0,1.0,1.0,0.0,3.0,0.0,184.0,0.0,5.0,0.0,4.0,0,0.0,0.0,0.0,1.0
245.0,818.5,1637.0,0.0,0.0,3500.0,0.0,0.0,0.0,0.0,0.0,6.0,True,8.0,0.0,26947.0,74.0,0.0,1.0,0.0,0.0,1.0,0.0,1.0,0.0,1.0,0.0,246.0,0.0,0.0,0.0,44.0,0,0.0,0.0,0.0,0.0
286.0,0.0,4939.0,357.0,1.0,4000.0,0.0,0.0,0.0,1.0,0.0,10.0,False,3.0,1.0,37499.0,52.0,1.0,1.0,0.0,0.0,1.0,0.0,1.0,0.0,2.0,0.0,263.0,0.0,0.0,0.0,3.0,1,0.0,0.0,0.0,0.0
248.0,3.0,1637.0,0.0,0.0,9000.0,0.0,0.0,1.0,0.0,0.0,3.0,True,0.0,1.0,28106.0,35.0,1.0,1.0,0.0,0.0,1.0,0.0,1.0,0.0,3.0,4.0,203.0,0.0,0.0,0.0,48.0,1,0.0,0.0,0.0,0.0
236.0,3.0,1650.0,0.0,0.0,0.0,0.0,0.0,1.0,0.0,0.0,6.0,False,13.0,0.0,15088.0,32.0,1.0,0.0,0.0,0.0,1.0,0.0,1.0,0.0,2.0,1.0,167.0,0.0,0.0,0.0,2.0,1,0.0,0.0,0.0,0.0
889.0,0.0,2137.0,0.0,0.0,2500.0,0.0,0.0,0.0,0.0,0.0,5.0,True,1.0,0.0,39704.0,50.0,0.0,1.0,0.0,0.0,1.0,1.0,1.0,0.0,3.0,1.0,331.0,0.0,0.0,0.0,28.0,0,2960.3105348403164,1.0,0.0,0.0
484.0,12.0,1677.0,0.0,0.0,0.0,0.0,0.0,0.0,0.0,0.0,8.0,True,3.0,0.0,48230.0,20.0,0.0,1.0,0.0,0.0,1.0,0.0,1.0,0.0,1.0,0.0,163.0,0.0,0.0,0.0,4.0,0,0.0,0.0,0.0,0.0
514.0,90.0,1729.0,0.0,0.0,750.0,0.0,0.0,1.0,1.0,0.0,8.0,True,6.0,0.0,26769.0,19.0,0.0,1.0,0.0,0.0,1.0,0.0,1.0,0.0,1.0,0.0,104.0,0.0,0.0,0.0,3.0,1,0.0,0.0,0.0,0.0
8134.0,2397.0,4827.0,0.0,0.0,0.0,0.0,0.0,1.0,0.0,0.0,4.0,False,9.0,0.0,32318.0,50.0,1.0,1.0,0.0,0.0,2.0,6.0,1.0,1.0,2.0,0.0,412.0,0.0,0.0,0.0,13.0,1,0.0,0.0,0.0,0.0
1439.0,61.0,2725.0,219.0,2.0,7500.0,0.0,0.0,1.0,1.0,0.0,4.0,True,1.0,1.0,29757.0,36.0,0.0,1.0,0.0,0.0,1.0,0.0,1.0,1.0,3.0,3.0,329.0,0.0,0.0,0.0,152.0,1,2798.3839962091656,1.0,0.0,0.0
2205.0,72.0,2948.0,0.0,0.0,4500.0,0.0,0.0,1.0,0.0,0.0,12.0,False,12.0,0.0,37039.0,60.0,1.0,1.0,0.0,0.0,1.0,0.0,1.0,1.0,2.0,0.0,325.0,0.0,0.0,0.0,57.0,0,0.0,0.0,1.0,0.0
227.0,0.0,1621.0,0.0,0.0,0.0,0.0,0.0,1.0,1.0,0.0,9.0,True,10.0,0.0,31373.0,29.0,1.0,1.0,0.0,0.0,1.0,0.0,1.0,1.0,2.0,0.0,172.0,0.0,0.0,0.0,3.0,1,0.0,0.0,0.0,0.0
227.0,0.0,1623.0,0.0,0.0,0.0,0.0,0.0,0.0,0.0,0.0,4.0,True,1.0,0.0,33499.0,16.0,0.0,1.0,0.0,0.0,1.0,0.0,1.0,0.0,3.0,4.0,337.0,0.0,0.0,0.0,35.0,1,0.0,0.0,0.0,0.0
227.0,0.0,1640.0,0.0,0.0,0.0,0.0,0.0,1.0,0.0,0.0,9.0,True,0.0,0.0,40525.0,24.0,1.0,1.0,0.0,0.0,1.0,0.0,1.0,0.0,2.0,0.0,37.0,0.0,0.0,0.0,1.0,1,0.0,0.0,0.0,0.0
5191.0,1056.0,3797.0,0.0,0.0,3500.0,0.0,1.0,0.0,0.0,0.0,6.0,False,8.0,0.0,31088.0,68.0,0.0,1.0,0.0,0.0,2.0,0.0,1.0,0.0,1.0,0.0,623.0,0.0,0.0,0.0,44.0,1,0.0,0.0,0.0,0.0
313.0,36.0,4934.0,1009.0,1.0,12000.0,0.0,0.0,0.0,0.0,0.0,5.0,False,7.0,1.0,29876.0,36.0,0.0,1.0,0.0,0.0,1.0,0.0,1.0,1.0,3.0,3.0,33.0,0.0,0.0,0.0,116.0,0,0.0,0.0,0.0,0.0
421.0,56.0,1737.0,0.0,0.0,10000.0,0.0,0.0,0.0,0.0,0.0,11.0,True,9.0,0.0,28801.0,59.0,0.0,0.0,0.0,0.0,1.0,0.0,1.0,1.0,1.0,0.0,350.0,0.0,0.0,0.0,4.0,0,0.0,0.0,0.0,0.0
486.0,856.0,1712.0,0.0,0.0,0.0,0.0,0.0,0.0,0.0,0.0,3.0,True,3.0,1.0,38728.0,42.0,0.0,1.0,0.0,0.0,1.0,1.0,1.0,0.0,3.0,2.0,366.0,0.0,0.0,0.0,4.0,0,0.0,0.0,0.0,0.0
227.0,0.0,1620.0,0.0,0.0,0.0,0.0,0.0,0.0,0.0,0.0,1.0,True,2.0,0.0,30427.0,53.0,0.0,1.0,0.0,0.0,2.0,0.0,1.0,0.0,2.0,0.0,455.0,0.0,0.0,0.0,3.0,0,0.0,0.0,0.0,0.0
227.0,0.0,1620.0,0.0,0.0,0.0,0.0,0.0,1.0,1.0,0.0,3.0,True,12.0,0.0,26462.0,25.0,1.0,1.0,0.0,0.0,1.0,1.0,1.0,0.0,2.0,0.0,66.0,0.0,0.0,0.0,2.0,0,0.0,0.0,0.0,0.0
3817.0,1509.0,2213.0,0.0,0.0,0.0,0.0,0.0,0.0,0.0,0.0,3.0,True,8.0,1.0,36363.0,45.0,0.0,1.0,0.0,0.0,2.0,0.0,1.0,0.0,3.0,0.0,339.0,0.0,0.0,0.0,1.0,1,0.0,0.0,0.0,0.0
354.0,0.0,3472.0,844.0,2.0,3500.0,0.0,0.0,1.0,0.0,0.0,8.0,False,3.0,1.0,30435.0,29.0,0.0,1.0,0.0,0.0,1.0,0.0,1.0,0.0,2.0,0.0,113.0,0.0,0.0,0.0,37.0,1,0.0,0.0,0.0,0.0
965.0,251.0,1852.0,0.0,0.0,4500.0,0.0,0.0,0.0,1.0,0.0,4.0,True,4.0,0.0,28117.0,42.0,1.0,1.0,0.0,0.0,1.0,0.0,1.0,1.0,2.0,2.0,571.0,0.0,0.0,0.0,9.0,0,0.0,0.0,0.0,0.0
1116.0,1297.0,2594.0,0.0,0.0,0.0,0.0,0.0,0.0,1.0,0.0,5.0,True,3.0,1.0,34218.0,56.0,0.0,1.0,0.0,0.0,2.0,0.0,1.0,0.0,2.0,0.0,611.0,0.0,0.0,0.0,2.0,1,0.0,0.0,0.0,0.0
634.0,160.0,1709.0,0.0,0.0,0.0,0.0,0.0,0.0,0.0,0.0,9.0,True,4.0,0.0,36474.0,37.0,1.0,1.0,0.0,0.0,1.0,0.0,1.0,0.0,3.0,1.0,219.0,0.0,0.0,0.0,1.0,1,0.0,0.0,0.0,0.0
1356.0,1503.5,3007.0,0.0,0.0,0.0,0.0,0.0,0.0,1.0,0.0,9.0,True,8.0,0.0,32863.0,48.0,0.0,1.0,0.0,0.0,2.0,1.0,1.0,0.0,3.0,0.0,55.0,0.0,0.0,0.0,4.0,1,0.0,0.0,0.0,0.0
266.0,852.5,1705.0,0.0,0.0,0.0,0.0,0.0,0.0,1.0,0.0,7.0,False,9.0,0.0,27534.0,49.0,1.0,1.0,0.0,0.0,1.0,0.0,0.0,0.0,2.0,0.0,179.0,0.0,1.0,0.0,3.0,0,0.0,0.0,0.0,0.0
626.0,7.0,1980.0,0.0,0.0,0.0,0.0,0.0,0.0,0.0,0.0,1.0,True,1.0,0.0,42405.0,57.0,1.0,1.0,0.0,0.0,2.0,0.0,1.0,0.0,3.0,1.0,416.0,0.0,0.0,0.0,20.0,1,1879.4977902710973,1.0,0.0,0.0
4797.0,1921.0,2373.0,0.0,0.0,0.0,0.0,0.0,0.0,1.0,0.0,8.0,False,5.0,0.0,33605.0,57.0,0.0,1.0,0.0,0.0,2.0,0.0,1.0,0.0,1.0,0.0,26.0,0.0,0.0,0.0,4.0,0,0.0,0.0,1.0,0.0
370.0,3883.0,7766.0,1687.0,3.0,4000.0,0.0,0.0,1.0,0.0,0.0,5.0,False,5.0,1.0,35515.0,26.0,0.0,1.0,0.0,0.0,1.0,0.0,1.0,0.0,3.0,0.0,137.0,0.0,1.0,0.0,24.0,0,0.0,0.0,0.0,0.0
227.0,0.0,1620.0,0.0,0.0,0.0,0.0,0.0,0.0,1.0,0.0,5.0,True,4.0,0.0,32155.0,47.0,1.0,1.0,0.0,0.0,1.0,1.0,1.0,0.0,2.0,0.0,122.0,1.0,0.0,0.0,4.0,0,0.0,0.0,0.0,0.0
638.0,132.0,1787.0,0.0,0.0,4000.0,0.0,0.0,0.0,0.0,0.0,7.0,True,5.0,0.0,37426.0,31.0,0.0,1.0,0.0,0.0,1.0,0.0,1.0,1.0,2.0,0.0,397.0,0.0,0.0,0.0,4.0,1,0.0,0.0,0.0,0.0
3349.0,377.0,3918.0,0.0,0.0,4500.0,0.0,1.0,0.0,0.0,0.0,7.0,True,0.0,0.0,32322.0,33.0,0.0,0.0,0.0,0.0,2.0,0.0,1.0,0.0,2.0,0.0,365.0,0.0,0.0,0.0,3.0,0,2725.784044898108,1.0,0.0,0.0
4902.0,0.0,1834.0,0.0,0.0,0.0,0.0,0.0,0.0,0.0,0.0,1.0,True,4.0,0.0,30779.0,70.0,1.0,1.0,0.0,0.0,2.0,0.0,1.0,0.0,1.0,0.0,531.0,0.0,0.0,0.0,2.0,0,0.0,0.0,1.0,0.0
1940.0,1902.0,1902.0,0.0,0.0,0.0,0.0,0.0,0.0,0.0,0.0,6.0,True,7.0,0.0,47456.0,65.0,0.0,1.0,0.0,0.0,2.0,0.0,1.0,0.0,1.0,0.0,122.0,0.0,0.0,0.0,3.0,1,0.0,0.0,1.0,0.0
609.0,38.0,5793.0,210.0,1.0,4500.0,0.0,0.0,1.0,0.0,1.0,4.0,True,6.0,1.0,34545.0,43.0,1.0,1.0,0.0,0.0,1.0,0.0,1.0,0.0,2.0,1.0,179.0,0.0,1.0,0.0,100.0,1,1251.3965053383422,1.0,0.0,0.0
1079.0,206.0,2220.0,0.0,0.0,750.0,0.0,1.0,1.0,0.0,0.0,9.0,True,2.0,0.0,32155.0,20.0,1.0,1.0,0.0,0.0,1.0,0.0,1.0,0.0,2.0,0.0,263.0,0.0,0.0,0.0,1.0,0,0.0,0.0,0.0,0.0
227.0,0.0,2754.0,0.0,0.0,0.0,0.0,0.0,1.0,0.0,0.0,12.0,True,6.0,0.0,29707.0,45.0,0.0,0.0,0.0,0.0,1.0,0.0,1.0,1.0,2.0,0.0,336.0,0.0,0.0,0.0,4.0,0,0.0,0.0,0.0,0.0
227.0,0.0,1620.0,0.0,0.0,0.0,0.0,0.0,1.0,1.0,0.0,1.0,True,2.0,0.0,30698.0,31.0,1.0,0.0,0.0,0.0,1.0,0.0,1.0,0.0,2.0,0.0,26.0,0.0,0.0,0.0,4.0,1,0.0,0.0,0.0,0.0
227.0,810.0,1620.0,0.0,0.0,0.0,0.0,0.0,0.0,0.0,0.0,3.0,True,3.0,0.0,31560.0,31.0,1.0,1.0,1.0,0.0,0.0,0.0,1.0,0.0,3.0,0.0,273.0,0.0,3.0,0.0,4.0,0,0.0,0.0,0.0,0.0
241.0,0.0,1624.0,0.0,0.0,5000.0,0.0,0.0,1.0,0.0,0.0,9.0,True,8.0,0.0,35838.0,55.0,1.0,1.0,0.0,0.0,1.0,0.0,1.0,0.0,3.0,0.0,472.0,0.0,0.0,0.0,39.0,0,0.0,0.0,0.0,0.0
227.0,0.0,1620.0,0.0,0.0,0.0,0.0,0.0,0.0,1.0,0.0,2.0,False,7.0,0.0,23434.0,38.0,0.0,0.0,0.0,0.0,1.0,0.0,1.0,0.0,2.0,3.0,99.0,0.0,0.0,0.0,4.0,0,0.0,0.0,0.0,0.0
16257.0,6156.0,5371.0,340.0,2.0,15000.0,1.0,1.0,1.0,1.0,0.0,9.0,False,10.0,0.0,45749.0,39.0,1.0,1.0,0.0,0.0,3.0,0.0,1.0,1.0,3.0,1.0,252.0,0.0,0.0,0.0,24.0,1,3224.752186504351,1.0,0.0,0.0
319.0,38.0,1637.0,0.0,0.0,0.0,0.0,0.0,0.0,1.0,0.0,5.0,True,3.0,0.0,32305.0,31.0,0.0,1.0,0.0,0.0,1.0,0.0,1.0,0.0,2.0,0.0,123.0,0.0,0.0,0.0,4.0,1,0.0,0.0,0.0,0.0
236.0,0.0,9426.0,1583.0,3.0,6000.0,0.0,0.0,1.0,0.0,0.0,4.0,True,1.0,1.0,26692.0,35.0,0.0,1.0,0.0,0.0,1.0,0.0,1.0,0.0,2.0,0.0,271.0,0.0,0.0,0.0,41.0,0,0.0,0.0,0.0,0.0
7264.0,2969.0,2969.0,0.0,0.0,4000.0,0.0,0.0,0.0,1.0,0.0,3.0,True,0.0,0.0,32856.0,75.0,0.0,1.0,0.0,0.0,2.0,0.0,1.0,0.0,1.0,0.0,587.0,0.0,0.0,0.0,18.0,0,0.0,0.0,1.0,0.0
261.0,11.0,1712.0,0.0,0.0,9000.0,0.0,0.0,1.0,1.0,0.0,10.0,True,4.0,0.0,33938.0,21.0,1.0,1.0,0.0,0.0,1.0,0.0,1.0,0.0,3.0,0.0,242.0,0.0,0.0,0.0,59.0,1,0.0,0.0,0.0,0.0
372.0,0.0,1620.0,0.0,0.0,0.0,1.0,0.0,1.0,0.0,0.0,1.0,True,8.0,1.0,33266.0,23.0,1.0,1.0,0.0,0.0,0.0,0.0,1.0,0.0,2.0,0.0,0.0,0.0,0.0,0.0,1.0,0,0.0,0.0,0.0,0.0
1365.0,1499.5,2999.0,796.0,3.0,13000.0,0.0,0.0,0.0,1.0,0.0,7.0,True,0.0,1.0,32484.0,38.0,0.0,1.0,1.0,0.0,1.0,0.0,1.0,1.0,3.0,0.0,287.0,0.0,0.0,0.0,48.0,0,0.0,0.0,0.0,0.0
302.0,847.0,1694.0,0.0,0.0,3000.0,0.0,0.0,0.0,1.0,0.0,3.0,True,2.0,0.0,22797.0,51.0,1.0,1.0,0.0,0.0,1.0,0.0,0.0,0.0,2.0,0.0,55.0,0.0,0.0,0.0,13.0,1,0.0,0.0,0.0,0.0
290.0,2.0,1636.0,0.0,0.0,0.0,0.0,0.0,0.0,1.0,0.0,5.0,True,4.0,0.0,49059.0,63.0,0.0,1.0,0.0,0.0,1.0,0.0,1.0,0.0,1.0,0.0,356.0,0.0,0.0,0.0,4.0,0,0.0,0.0,1.0,0.0
250.0,0.0,1881.0,0.0,0.0,3500.0,0.0,0.0,0.0,0.0,0.0,11.0,True,9.0,0.0,28528.0,33.0,0.0,1.0,0.0,0.0,1.0,0.0,1.0,1.0,3.0,1.0,244.0,0.0,0.0,0.0,43.0,0,0.0,0.0,0.0,0.0
227.0,0.0,1620.0,0.0,0.0,0.0,0.0,0.0,0.0,0.0,0.0,7.0,False,6.0,0.0,30251.0,64.0,0.0,0.0,0.0,0.0,1.0,0.0,1.0,0.0,1.0,0.0,127.0,0.0,0.0,0.0,4.0,0,0.0,0.0,1.0,0.0
227.0,928.0,1856.0,0.0,0.0,0.0,0.0,0.0,0.0,0.0,0.0,1.0,True,1.0,1.0,35407.0,25.0,0.0,1.0,0.0,0.0,1.0,0.0,1.0,0.0,2.0,0.0,273.0,0.0,0.0,0.0,3.0,0,0.0,0.0,0.0,0.0
1332.0,384.0,3938.0,25.0,1.0,0.0,1.0,0.0,1.0,0.0,0.0,6.0,True,4.0,1.0,29602.0,40.0,1.0,1.0,1.0,0.0,1.0,1.0,1.0,1.0,3.0,2.0,539.0,0.0,3.0,0.0,66.0,0,0.0,0.0,0.0,0.0
243.0,812.5,1625.0,0.0,0.0,0.0,0.0,0.0,1.0,0.0,0.0,1.0,True,0.0,0.0,30722.0,16.0,0.0,1.0,0.0,0.0,1.0,0.0,1.0,0.0,1.0,0.0,8.0,0.0,0.0,0.0,4.0,1,0.0,0.0,0.0,0.0
279.0,0.0,1880.0,332.0,3.0,2500.0,0.0,0.0,1.0,0.0,0.0,6.0,True,5.0,1.0,33250.0,39.0,1.0,1.0,0.0,0.0,1.0,0.0,1.0,0.0,2.0,1.0,362.0,0.0,0.0,0.0,67.0,0,0.0,0.0,0.0,0.0
1130.0,101.0,7146.0,907.0,1.0,4000.0,0.0,0.0,1.0,0.0,0.0,12.0,True,8.0,1.0,30996.0,35.0,1.0,1.0,0.0,0.0,1.0,0.0,1.0,1.0,2.0,0.0,318.0,0.0,0.0,0.0,73.0,1,3191.3980086002443,1.0,0.0,0.0
1625.0,2969.5,5939.0,0.0,4.0,10000.0,0.0,0.0,1.0,0.0,0.0,6.0,True,3.0,1.0,42888.0,54.0,1.0,1.0,1.0,0.0,1.0,0.0,1.0,1.0,3.0,1.0,381.0,0.0,7.0,0.0,49.0,0,5060.216155952958,1.0,0.0,0.0
5871.0,5375.0,5375.0,769.0,1.0,9000.0,0.0,0.0,0.0,0.0,0.0,3.0,True,7.0,1.0,29267.0,31.0,0.0,1.0,0.0,0.0,2.0,0.0,1.0,0.0,2.0,0.0,409.0,0.0,2.0,395.0,4.0,0,0.0,0.0,0.0,0.0
233.0,0.0,1949.0,0.0,0.0,2500.0,0.0,0.0,0.0,0.0,0.0,6.0,False,0.0,0.0,24964.0,68.0,0.0,1.0,0.0,0.0,1.0,0.0,1.0,0.0,1.0,0.0,173.0,0.0,0.0,0.0,3.0,0,0.0,0.0,1.0,0.0
5411.0,35.0,6982.0,0.0,0.0,11000.0,0.0,0.0,0.0,1.0,0.0,9.0,True,1.0,1.0,55480.0,69.0,1.0,1.0,0.0,0.0,3.0,0.0,1.0,1.0,1.0,0.0,384.0,0.0,0.0,0.0,83.0,1,0.0,0.0,1.0,0.0
407.0,825.5,1651.0,0.0,0.0,0.0,0.0,0.0,0.0,1.0,0.0,4.0,True,7.0,0.0,26655.0,43.0,1.0,1.0,0.0,0.0,1.0,0.0,1.0,0.0,3.0,0.0,576.0,0.0,0.0,0.0,4.0,1,0.0,0.0,0.0,0.0
755.0,118.0,1847.0,0.0,0.0,0.0,0.0,0.0,0.0,0.0,0.0,8.0,False,9.0,0.0,26094.0,44.0,1.0,1.0,0.0,0.0,1.0,0.0,1.0,0.0,2.0,1.0,431.0,0.0,0.0,0.0,4.0,0,944.6078849281288,1.0,0.0,0.0
820.0,216.0,7794.0,1103.0,3.0,9000.0,0.0,0.0,1.0,1.0,0.0,5.0,True,3.0,0.0,41379.0,40.0,1.0,1.0,0.0,0.0,1.0,0.0,1.0,0.0,1.0,1.0,242.0,0.0,0.0,0.0,39.0,0,0.0,0.0,0.0,0.0
6092.0,2100.0,3137.0,0.0,0.0,0.0,0.0,0.0,0.0,1.0,0.0,6.0,False,8.0,0.0,37460.0,44.0,1.0,1.0,0.0,0.0,2.0,0.0,1.0,0.0,2.0,0.0,431.0,0.0,0.0,0.0,2.0,1,4073.484264035064,1.0,0.0,0.0
2301.0,214.0,2516.0,0.0,0.0,11000.0,0.0,0.0,0.0,0.0,0.0,7.0,True,1.0,0.0,24007.0,38.0,1.0,1.0,0.0,0.0,1.0,1.0,1.0,1.0,2.0,0.0,374.0,0.0,0.0,0.0,17.0,0,2416.668964948735,1.0,0.0,0.0
492.0,0.0,3716.0,713.0,2.0,5000.0,0.0,0.0,1.0,1.0,0.0,7.0,True,0.0,1.0,36542.0,47.0,0.0,1.0,0.0,0.0,1.0,0.0,1.0,0.0,3.0,2.0,289.0,0.0,0.0,0.0,45.0,0,0.0,0.0,0.0,0.0
266.0,14.0,1769.0,0.0,0.0,11000.0,0.0,0.0,1.0,0.0,0.0,3.0,True,1.0,0.0,32734.0,45.0,1.0,1.0,0.0,0.0,1.0,0.0,1.0,0.0,2.0,1.0,339.0,0.0,0.0,0.0,37.0,1,0.0,0.0,0.0,0.0
